date,day_of_year,month,temperature,humidity,wind_speed,pressure,weather_condition
2023-01-01,1,1,-5.1,23.9,14.2,1043.9,Sunny
2023-01-02,2,1,-5.6,90.1,19.2,981.5,Sunny
2023-01-03,3,1,8.0,30.1,21.4,999.6,Rainy
2023-01-04,4,1,29.9,97.8,10.3,962.2,Cloudy
2023-01-05,5,1,-1.6,62.1,40.6,960.0,Cloudy
2023-01-06,6,1,32.7,48.5,24.7,1004.1,Cloudy
2023-01-07,7,1,-7.5,53.0,29.7,990.8,Foggy
2023-01-08,8,1,27.4,50.1,21.6,1004.9,Foggy
2023-01-09,9,1,33.5,20.8,41.4,1033.6,Rainy
2023-01-10,10,1,3.0,90.6,29.8,956.1,Cloudy
2023-01-11,11,1,30.7,27.9,33.6,971.7,Foggy
2023-01-12,12,1,-8.7,38.9,37.1,999.1,Foggy
2023-01-13,13,1,10.0,30.4,12.0,1017.4,Foggy
2023-01-14,14,1,13.3,30.1,26.5,1006.3,Snowy
2023-01-15,15,1,-0.3,75.1,18.2,1008.2,Snowy
2023-01-16,16,1,23.9,81.5,46.7,1034.5,Rainy
2023-01-17,17,1,2.9,52.1,12.0,978.3,Sunny
2023-01-18,18,1,20.3,51.8,12.4,1002.4,Snowy
2023-01-19,19,1,2.3,43.2,22.4,1031.8,Foggy
2023-01-20,20,1,27.3,74.0,27.9,978.3,Snowy
2023-01-21,21,1,-5.8,63.8,22.4,1049.5,Foggy
2023-01-22,22,1,16.9,71.6,18.9,969.5,Rainy
2023-01-23,23,1,28.9,76.8,14.2,1024.2,Snowy
2023-01-24,24,1,-0.8,41.1,1.3,960.4,Sunny
2023-01-25,25,1,15.6,59.7,22.6,1045.5,Snowy
2023-01-26,26,1,-2.5,95.9,33.3,1011.6,Foggy
2023-01-27,27,1,9.1,51.8,0.0,1013.9,Sunny
2023-01-28,28,1,28.7,78.8,4.1,1007.6,Snowy
2023-01-29,29,1,31.5,29.1,32.9,1035.6,Sunny
2023-01-30,30,1,-9.6,79.4,37.2,954.8,Cloudy
2023-01-31,31,1,3.1,81.0,42.3,961.3,Rainy
2023-02-01,32,2,-1.6,48.6,39.5,1045.7,Sunny
2023-02-02,33,2,10.1,74.4,49.9,953.8,Foggy
2023-02-03,34,2,14.1,75.9,4.6,1022.1,Foggy
2023-02-04,35,2,23.1,64.5,3.7,1000.7,Snowy
2023-02-05,36,2,8.0,25.8,3.2,983.8,Sunny
2023-02-06,37,2,19.3,95.0,32.5,1048.8,Foggy
2023-02-07,38,2,1.2,25.6,28.7,987.2,Rainy
2023-02-08,39,2,5.3,74.9,44.5,982.0,Sunny
2023-02-09,40,2,31.5,71.1,47.5,1034.0,Snowy
2023-02-10,41,2,12.2,98.6,47.5,1037.2,Foggy
2023-02-11,42,2,9.0,73.4,46.8,1043.4,Rainy
2023-02-12,43,2,20.5,28.2,27.6,1048.7,Cloudy
2023-02-13,44,2,14.8,93.3,22.7,957.8,Rainy
2023-02-14,45,2,29.8,34.5,42.9,1008.3,Snowy
2023-02-15,46,2,8.5,41.4,49.9,1021.6,Sunny
2023-02-16,47,2,31.6,34.6,46.2,1003.7,Sunny
2023-02-17,48,2,-2.8,72.0,41.4,973.3,Snowy
2023-02-18,49,2,2.8,34.4,7.5,993.6,Sunny
2023-02-19,50,2,-5.0,50.0,39.0,1015.8,Foggy
2023-02-20,51,2,12.7,58.1,11.2,954.5,Sunny
2023-02-21,52,2,14.0,89.5,20.5,998.5,Cloudy
2023-02-22,53,2,9.9,48.8,28.8,1016.8,Snowy
2023-02-23,54,2,-3.4,34.2,44.6,978.3,Sunny
2023-02-24,55,2,7.2,66.0,20.6,955.2,Rainy
2023-02-25,56,2,-6.3,44.0,12.7,964.6,Snowy
2023-02-26,57,2,9.7,82.3,25.3,981.9,Snowy
2023-02-27,58,2,2.4,49.7,30.9,991.6,Cloudy
2023-02-28,59,2,6.3,67.8,3.8,975.6,Rainy
2023-03-01,60,3,-4.2,64.8,19.0,1019.0,Rainy
2023-03-02,61,3,21.7,27.5,5.2,1006.3,Rainy
2023-03-03,62,3,6.2,26.9,16.9,965.2,Sunny
2023-03-04,63,3,30.8,90.0,47.2,991.2,Rainy
2023-03-05,64,3,30.4,67.1,37.9,975.5,Sunny
2023-03-06,65,3,-5.0,64.6,19.8,955.8,Snowy
2023-03-07,66,3,-4.6,24.0,45.7,961.6,Cloudy
2023-03-08,67,3,-8.4,22.4,30.7,992.4,Snowy
2023-03-09,68,3,10.4,51.7,6.9,961.7,Foggy
2023-03-10,69,3,32.0,51.9,0.2,1015.3,Cloudy
2023-03-11,70,3,22.3,90.5,11.1,986.9,Foggy
2023-03-12,71,3,-1.3,66.5,26.3,1018.2,Cloudy
2023-03-13,72,3,31.7,54.9,11.2,1025.7,Sunny
2023-03-14,73,3,15.3,58.0,28.3,1049.8,Snowy
2023-03-15,74,3,22.9,89.0,21.8,964.6,Foggy
2023-03-16,75,3,-3.0,31.9,13.0,1043.8,Snowy
2023-03-17,76,3,-4.1,26.7,1.2,986.3,Sunny
2023-03-18,77,3,2.4,76.6,10.4,976.7,Snowy
2023-03-19,78,3,-8.2,98.5,25.1,993.1,Foggy
2023-03-20,79,3,-3.4,37.8,2.7,1017.7,Foggy
2023-03-21,80,3,14.3,91.8,21.9,1042.1,Snowy
2023-03-22,81,3,-5.4,23.0,14.5,1028.4,Foggy
2023-03-23,82,3,-3.6,96.9,19.7,1019.3,Snowy
2023-03-24,83,3,31.1,87.7,1.8,1025.5,Sunny
2023-03-25,84,3,-4.5,28.0,45.8,1007.9,Cloudy
2023-03-26,85,3,10.5,55.8,24.0,1012.1,Cloudy
2023-03-27,86,3,26.6,62.7,7.4,995.4,Sunny
2023-03-28,87,3,8.7,49.5,20.9,957.8,Cloudy
2023-03-29,88,3,34.5,54.5,34.3,1026.4,Rainy
2023-03-30,89,3,2.5,83.8,26.0,987.8,Sunny
2023-03-31,90,3,0.6,45.4,16.0,1040.8,Snowy
2023-04-01,91,4,24.8,36.0,46.3,990.1,Cloudy
2023-04-02,92,4,-0.7,99.0,6.0,993.4,Snowy
2023-04-03,93,4,33.5,95.1,26.6,960.4,Foggy
2023-04-04,94,4,14.3,43.1,10.1,1002.4,Sunny
2023-04-05,95,4,9.1,31.5,8.8,957.7,Rainy
2023-04-06,96,4,33.6,47.1,14.9,975.6,Foggy
2023-04-07,97,4,30.8,41.2,36.2,982.5,Rainy
2023-04-08,98,4,25.3,75.0,33.1,1033.6,Snowy
2023-04-09,99,4,5.0,78.0,6.1,985.8,Rainy
2023-04-10,100,4,8.9,99.5,8.2,1046.6,Cloudy
2023-04-11,101,4,27.0,43.5,15.1,954.3,Cloudy
2023-04-12,102,4,-1.5,41.2,45.5,1022.2,Snowy
2023-04-13,103,4,-4.7,59.3,21.5,1029.9,Rainy
2023-04-14,104,4,34.8,70.5,21.8,976.9,Snowy
2023-04-15,105,4,3.1,31.5,28.6,1021.9,Snowy
2023-04-16,106,4,13.4,25.7,11.4,1039.7,Foggy
2023-04-17,107,4,-6.1,23.4,33.9,1028.8,Snowy
2023-04-18,108,4,12.8,56.2,36.6,1042.5,Snowy
2023-04-19,109,4,-2.5,73.6,20.6,1047.1,Rainy
2023-04-20,110,4,9.5,96.6,42.7,951.6,Snowy
2023-04-21,111,4,-2.0,89.5,16.9,986.7,Foggy
2023-04-22,112,4,5.5,74.9,36.8,1029.0,Foggy
2023-04-23,113,4,2.2,39.2,24.3,1008.7,Snowy
2023-04-24,114,4,-3.2,63.0,4.6,1042.5,Snowy
2023-04-25,115,4,0.8,63.0,32.2,1043.3,Cloudy
2023-04-26,116,4,-0.7,96.1,44.2,1024.1,Rainy
2023-04-27,117,4,19.6,54.5,42.6,1018.3,Sunny
2023-04-28,118,4,18.5,91.9,0.3,1013.2,Snowy
2023-04-29,119,4,-7.9,39.8,24.6,967.9,Sunny
2023-04-30,120,4,10.9,70.3,13.6,980.5,Snowy
2023-05-01,121,5,14.8,49.4,39.2,952.2,Cloudy
2023-05-02,122,5,20.5,60.3,34.9,1037.1,Rainy
2023-05-03,123,5,1.6,80.1,1.9,956.3,Snowy
2023-05-04,124,5,-3.5,30.3,4.0,972.8,Rainy
2023-05-05,125,5,18.5,98.7,45.1,985.8,Cloudy
2023-05-06,126,5,11.1,78.7,20.0,1015.7,Rainy
2023-05-07,127,5,-3.0,52.3,39.9,962.4,Cloudy
2023-05-08,128,5,9.3,45.6,47.3,970.3,Rainy
2023-05-09,129,5,34.3,39.1,28.9,965.0,Sunny
2023-05-10,130,5,14.3,27.0,42.9,999.3,Foggy
2023-05-11,131,5,-0.5,39.3,42.1,978.5,Sunny
2023-05-12,132,5,4.4,34.4,33.4,981.2,Cloudy
2023-05-13,133,5,-4.7,23.3,17.5,1013.0,Cloudy
2023-05-14,134,5,0.6,39.3,45.7,1015.3,Cloudy
2023-05-15,135,5,14.4,47.2,16.6,1039.1,Cloudy
2023-05-16,136,5,-3.1,48.8,8.7,1010.9,Sunny
2023-05-17,137,5,31.1,31.3,5.0,1044.4,Snowy
2023-05-18,138,5,23.3,54.1,1.8,987.0,Snowy
2023-05-19,139,5,8.4,22.4,20.2,1008.0,Foggy
2023-05-20,140,5,-0.4,42.3,43.1,984.1,Rainy
2023-05-21,141,5,-2.5,53.4,13.7,1039.6,Cloudy
2023-05-22,142,5,21.7,56.4,7.3,970.5,Foggy
2023-05-23,143,5,32.4,37.2,2.8,1019.1,Snowy
2023-05-24,144,5,10.8,91.9,31.4,959.2,Sunny
2023-05-25,145,5,15.0,65.0,46.2,983.0,Rainy
2023-05-26,146,5,-4.9,88.4,9.8,950.8,Cloudy
2023-05-27,147,5,3.6,24.2,43.0,1045.8,Snowy
2023-05-28,148,5,28.9,75.1,11.7,1033.6,Sunny
2023-05-29,149,5,12.1,67.7,9.0,956.0,Rainy
2023-05-30,150,5,3.2,40.2,18.8,984.4,Foggy
2023-05-31,151,5,7.5,35.9,4.9,975.0,Foggy
2023-06-01,152,6,21.9,80.1,22.8,1044.7,Cloudy
2023-06-02,153,6,-1.7,98.0,7.3,1005.9,Rainy
2023-06-03,154,6,25.7,51.2,21.5,1009.9,Rainy
2023-06-04,155,6,-6.9,72.2,25.3,988.7,Rainy
2023-06-05,156,6,14.4,85.3,1.4,958.0,Sunny
2023-06-06,157,6,3.5,55.5,26.2,1047.8,Snowy
2023-06-07,158,6,14.2,89.0,2.4,951.5,Sunny
2023-06-08,159,6,12.4,35.7,28.0,955.9,Sunny
2023-06-09,160,6,12.3,49.6,7.1,1038.7,Rainy
2023-06-10,161,6,22.7,86.8,49.1,1013.4,Snowy
2023-06-11,162,6,13.0,89.2,4.4,972.8,Rainy
2023-06-12,163,6,27.0,34.1,9.9,980.2,Foggy
2023-06-13,164,6,6.5,79.1,19.7,960.1,Snowy
2023-06-14,165,6,21.3,48.6,31.3,1042.4,Foggy
2023-06-15,166,6,24.9,61.1,34.8,952.5,Sunny
2023-06-16,167,6,14.1,99.8,20.8,1020.0,Cloudy
2023-06-17,168,6,11.3,55.7,7.5,1000.9,Foggy
2023-06-18,169,6,-5.0,92.0,40.1,987.4,Foggy
2023-06-19,170,6,-1.3,83.1,33.4,1028.0,Foggy
2023-06-20,171,6,4.6,90.8,19.8,1017.0,Cloudy
2023-06-21,172,6,9.7,47.7,11.1,1048.9,Cloudy
2023-06-22,173,6,25.2,39.2,35.9,997.2,Sunny
2023-06-23,174,6,24.7,42.3,33.8,970.0,Snowy
2023-06-24,175,6,8.6,82.7,24.8,972.5,Rainy
2023-06-25,176,6,-4.4,47.8,16.4,1042.7,Cloudy
2023-06-26,177,6,11.6,97.3,15.5,1018.9,Sunny
2023-06-27,178,6,30.2,49.4,39.2,958.0,Sunny
2023-06-28,179,6,-3.1,28.3,13.4,989.9,Sunny
2023-06-29,180,6,5.9,56.2,20.2,1034.0,Rainy
2023-06-30,181,6,-0.2,31.2,30.3,950.2,Snowy
2023-07-01,182,7,12.9,59.4,26.7,1022.5,Sunny
2023-07-02,183,7,10.8,97.2,2.7,1039.4,Rainy
2023-07-03,184,7,32.9,89.2,34.5,1017.6,Cloudy
2023-07-04,185,7,-1.2,32.9,34.4,1013.8,Snowy
2023-07-05,186,7,17.2,67.4,35.0,1023.3,Rainy
2023-07-06,187,7,12.9,88.2,17.2,969.9,Snowy
2023-07-07,188,7,10.7,92.6,35.6,957.5,Sunny
2023-07-08,189,7,26.2,22.3,0.2,1029.9,Snowy
2023-07-09,190,7,7.1,94.3,37.5,952.0,Sunny
2023-07-10,191,7,31.9,53.9,46.1,965.7,Cloudy
2023-07-11,192,7,18.5,69.6,33.4,991.4,Foggy
2023-07-12,193,7,4.5,46.7,12.5,984.8,Cloudy
2023-07-13,194,7,15.1,51.9,37.5,977.0,Foggy
2023-07-14,195,7,21.6,30.6,9.5,1011.2,Snowy
2023-07-15,196,7,16.1,46.4,30.4,992.4,Snowy
2023-07-16,197,7,2.9,46.8,32.4,998.0,Sunny
2023-07-17,198,7,9.9,70.2,45.1,1001.4,Rainy
2023-07-18,199,7,21.9,43.0,8.9,1045.3,Foggy
2023-07-19,200,7,32.9,76.1,40.9,1044.0,Cloudy
2023-07-20,201,7,-1.8,28.6,14.9,1035.5,Foggy
2023-07-21,202,7,33.5,20.2,35.8,1027.4,Foggy
2023-07-22,203,7,-4.6,94.2,29.9,981.6,Rainy
2023-07-23,204,7,29.9,36.7,49.7,961.3,Cloudy
2023-07-24,205,7,6.8,28.3,34.2,950.2,Sunny
2023-07-25,206,7,-3.3,32.6,32.2,1049.0,Snowy
2023-07-26,207,7,3.8,40.0,5.9,998.8,Rainy
2023-07-27,208,7,-6.9,38.2,35.2,1048.3,Sunny
2023-07-28,209,7,7.4,78.6,32.1,960.9,Cloudy
2023-07-29,210,7,16.8,36.1,16.9,1025.2,Foggy
2023-07-30,211,7,-7.5,49.3,30.7,1043.4,Cloudy
2023-07-31,212,7,-6.2,24.8,22.7,1018.3,Sunny
2023-08-01,213,8,10.3,28.8,49.4,1016.2,Snowy
2023-08-02,214,8,18.9,46.5,10.6,989.8,Sunny
2023-08-03,215,8,7.2,37.5,1.5,1019.6,Cloudy
2023-08-04,216,8,1.8,64.1,13.9,989.2,Foggy
2023-08-05,217,8,-5.6,95.7,0.2,1049.9,Foggy
2023-08-06,218,8,27.3,33.0,15.0,998.6,Foggy
2023-08-07,219,8,31.4,77.9,44.4,1046.3,Rainy
2023-08-08,220,8,29.2,86.2,2.3,1044.2,Rainy
2023-08-09,221,8,4.0,42.5,23.7,994.2,Rainy
2023-08-10,222,8,-2.3,91.0,7.9,975.6,Snowy
2023-08-11,223,8,-2.0,40.5,2.4,994.0,Sunny
2023-08-12,224,8,9.1,89.8,36.3,974.4,Cloudy
2023-08-13,225,8,30.7,50.1,15.0,1022.8,Cloudy
2023-08-14,226,8,30.1,48.3,26.8,995.9,Foggy
2023-08-15,227,8,7.9,82.9,41.1,1028.3,Foggy
2023-08-16,228,8,28.0,75.6,9.5,1034.0,Rainy
2023-08-17,229,8,3.4,46.3,38.4,1038.8,Snowy
2023-08-18,230,8,17.1,43.5,25.4,974.7,Foggy
2023-08-19,231,8,8.8,54.3,29.7,1029.3,Snowy
2023-08-20,232,8,7.8,76.1,17.2,1001.0,Cloudy
2023-08-21,233,8,10.9,61.9,32.5,960.5,Snowy
2023-08-22,234,8,28.3,76.0,29.1,981.0,Cloudy
2023-08-23,235,8,13.0,89.6,19.5,952.5,Snowy
2023-08-24,236,8,26.1,40.8,18.7,982.7,Cloudy
2023-08-25,237,8,17.1,43.6,17.7,998.8,Snowy
2023-08-26,238,8,7.0,71.8,26.0,1027.5,Sunny
2023-08-27,239,8,31.7,50.0,33.8,1032.1,Rainy
2023-08-28,240,8,15.0,47.5,15.4,951.2,Rainy
2023-08-29,241,8,0.6,62.0,4.2,1000.3,Cloudy
2023-08-30,242,8,2.1,64.0,7.3,965.5,Foggy
2023-08-31,243,8,28.2,85.2,25.5,1048.0,Foggy
2023-09-01,244,9,-7.3,58.0,15.8,1036.3,Snowy
2023-09-02,245,9,-3.6,34.2,10.6,970.7,Rainy
2023-09-03,246,9,-5.9,76.8,32.9,962.5,Cloudy
2023-09-04,247,9,17.8,31.9,47.7,963.0,Snowy
2023-09-05,248,9,-3.5,47.0,49.4,1000.9,Snowy
2023-09-06,249,9,10.8,40.1,46.6,985.3,Sunny
2023-09-07,250,9,9.6,47.1,37.5,990.5,Sunny
2023-09-08,251,9,30.5,79.4,30.3,966.2,Rainy
2023-09-09,252,9,18.3,35.8,34.9,1031.9,Snowy
2023-09-10,253,9,19.0,29.2,32.5,1011.9,Sunny
2023-09-11,254,9,10.8,33.3,26.4,1023.4,Foggy
2023-09-12,255,9,8.9,31.9,16.9,989.5,Rainy
2023-09-13,256,9,10.7,47.9,5.7,994.6,Cloudy
2023-09-14,257,9,-5.4,30.1,41.5,968.0,Cloudy
2023-09-15,258,9,-5.6,86.1,5.3,956.9,Cloudy
2023-09-16,259,9,22.2,76.2,38.5,1029.4,Foggy
2023-09-17,260,9,4.5,65.5,33.7,997.1,Cloudy
2023-09-18,261,9,29.8,69.8,22.2,959.3,Rainy
2023-09-19,262,9,33.2,32.7,1.2,1030.2,Foggy
2023-09-20,263,9,14.7,60.7,29.7,997.0,Sunny
2023-09-21,264,9,21.2,87.4,29.0,1030.5,Cloudy
2023-09-22,265,9,5.1,28.8,28.0,1023.0,Cloudy
2023-09-23,266,9,15.7,47.0,47.5,1010.1,Foggy
2023-09-24,267,9,2.5,73.3,16.9,1035.0,Rainy
2023-09-25,268,9,25.6,21.6,34.4,950.2,Snowy
2023-09-26,269,9,0.2,96.2,15.8,1041.9,Cloudy
2023-09-27,270,9,28.1,60.2,25.0,1043.5,Snowy
2023-09-28,271,9,6.7,61.4,34.4,958.5,Foggy
2023-09-29,272,9,1.5,29.5,47.0,1005.5,Foggy
2023-09-30,273,9,9.4,56.3,44.3,985.4,Cloudy
2023-10-01,274,10,5.2,46.5,10.1,1041.4,Snowy
2023-10-02,275,10,-1.4,21.1,23.7,982.0,Sunny
2023-10-03,276,10,3.8,84.7,20.4,1045.1,Cloudy
2023-10-04,277,10,29.1,41.9,0.9,976.2,Sunny
2023-10-05,278,10,21.8,89.4,46.5,1027.4,Cloudy
2023-10-06,279,10,2.0,43.2,48.4,1004.1,Foggy
2023-10-07,280,10,-8.8,75.4,29.2,1043.3,Sunny
2023-10-08,281,10,-6.4,24.7,33.1,974.7,Rainy
2023-10-09,282,10,10.2,43.7,32.7,990.0,Foggy
2023-10-10,283,10,18.1,29.9,44.9,1039.3,Cloudy
2023-10-11,284,10,10.1,77.8,15.5,961.8,Rainy
2023-10-12,285,10,16.4,83.9,38.8,1034.2,Sunny
2023-10-13,286,10,7.1,38.2,6.3,957.2,Sunny
2023-10-14,287,10,23.2,94.9,47.0,1047.3,Cloudy
2023-10-15,288,10,-1.6,93.3,21.0,961.4,Rainy
2023-10-16,289,10,-7.2,48.4,12.9,994.1,Snowy
2023-10-17,290,10,-6.0,37.1,1.8,1031.2,Foggy
2023-10-18,291,10,32.2,46.4,48.3,1021.5,Foggy
2023-10-19,292,10,8.8,88.6,47.9,1034.6,Sunny
2023-10-20,293,10,25.0,85.9,45.7,971.1,Sunny
2023-10-21,294,10,8.9,45.5,2.9,969.1,Cloudy
2023-10-22,295,10,25.1,46.0,20.4,995.5,Snowy
2023-10-23,296,10,28.4,57.4,12.8,1024.2,Cloudy
2023-10-24,297,10,-8.6,86.4,25.5,990.2,Snowy
2023-10-25,298,10,34.0,44.8,12.4,996.7,Snowy
2023-10-26,299,10,30.2,38.2,2.5,954.0,Cloudy
2023-10-27,300,10,9.5,91.7,18.5,1015.0,Rainy
2023-10-28,301,10,13.5,32.2,24.5,985.4,Snowy
2023-10-29,302,10,12.1,37.1,33.7,1034.9,Rainy
2023-10-30,303,10,4.0,94.4,16.0,963.3,Foggy
2023-10-31,304,10,10.9,61.5,39.7,1044.4,Foggy
2023-11-01,305,11,-3.0,85.5,25.9,982.8,Sunny
2023-11-02,306,11,-6.0,21.0,15.3,988.0,Snowy
2023-11-03,307,11,-3.9,32.4,15.1,1034.9,Sunny
2023-11-04,308,11,31.2,70.8,3.5,979.0,Sunny
2023-11-05,309,11,30.9,68.6,23.9,1018.0,Rainy
2023-11-06,310,11,29.5,40.8,33.6,1025.9,Rainy
2023-11-07,311,11,13.1,56.9,34.2,1048.5,Snowy
2023-11-08,312,11,26.3,78.7,5.7,1033.9,Snowy
2023-11-09,313,11,15.3,67.8,0.6,984.8,Rainy
2023-11-10,314,11,33.1,96.5,47.1,1023.0,Foggy
2023-11-11,315,11,5.0,80.6,42.3,1019.6,Rainy
2023-11-12,316,11,22.9,88.0,3.5,1049.9,Sunny
2023-11-13,317,11,30.5,63.7,6.6,1028.6,Rainy
2023-11-14,318,11,17.4,53.7,24.0,1033.0,Cloudy
2023-11-15,319,11,9.4,83.8,46.9,951.9,Foggy
2023-11-16,320,11,-3.0,35.7,29.0,1016.3,Snowy
2023-11-17,321,11,30.5,93.4,49.0,951.7,Sunny
2023-11-18,322,11,26.0,20.7,38.7,989.0,Foggy
2023-11-19,323,11,9.4,49.7,48.6,1046.2,Sunny
2023-11-20,324,11,21.0,63.0,18.4,951.7,Foggy
2023-11-21,325,11,5.2,41.7,27.3,1026.4,Foggy
2023-11-22,326,11,32.4,74.6,0.1,978.5,Rainy
2023-11-23,327,11,-1.6,31.8,34.8,1004.1,Snowy
2023-11-24,328,11,14.9,43.8,35.3,1010.2,Rainy
2023-11-25,329,11,31.9,80.7,26.7,1047.5,Rainy
2023-11-26,330,11,33.7,49.4,12.8,1029.8,Foggy
2023-11-27,331,11,3.3,46.4,33.5,972.6,Rainy
2023-11-28,332,11,30.5,99.3,2.6,1014.2,Sunny
2023-11-29,333,11,12.1,66.5,40.6,1029.3,Rainy
2023-11-30,334,11,19.8,44.0,2.1,1006.0,Rainy
2023-12-01,335,12,-4.9,43.0,38.3,979.7,Snowy
2023-12-02,336,12,5.7,31.1,21.2,992.9,Rainy
2023-12-03,337,12,24.4,67.9,27.6,980.7,Rainy
2023-12-04,338,12,-0.0,87.7,37.5,951.2,Sunny
2023-12-05,339,12,29.6,63.3,5.8,1020.6,Foggy
2023-12-06,340,12,10.0,50.5,44.9,960.2,Rainy
2023-12-07,341,12,14.2,50.1,36.8,1042.3,Sunny
2023-12-08,342,12,6.4,67.5,18.0,979.5,Foggy
2023-12-09,343,12,9.2,96.9,19.0,982.7,Snowy
2023-12-10,344,12,13.3,50.4,5.4,953.1,Foggy
2023-12-11,345,12,2.3,53.6,37.5,968.3,Sunny
2023-12-12,346,12,23.6,67.7,49.9,1007.6,Sunny
2023-12-13,347,12,33.5,68.0,14.4,1038.2,Rainy
2023-12-14,348,12,4.4,38.4,14.6,989.6,Rainy
2023-12-15,349,12,-5.2,51.1,2.3,1035.6,Rainy
2023-12-16,350,12,31.1,46.5,38.7,1027.3,Rainy
2023-12-17,351,12,18.8,47.4,19.5,982.9,Sunny
2023-12-18,352,12,-4.0,29.0,2.0,956.8,Rainy
2023-12-19,353,12,6.6,44.9,15.9,1033.8,Foggy
2023-12-20,354,12,1.4,24.8,42.3,968.2,Rainy
2023-12-21,355,12,26.1,93.4,25.4,996.2,Sunny
2023-12-22,356,12,27.0,82.7,21.2,973.1,Foggy
2023-12-23,357,12,33.0,53.3,4.7,1022.0,Rainy
2023-12-24,358,12,12.6,78.5,29.5,1031.4,Cloudy
2023-12-25,359,12,24.9,97.1,8.5,1012.1,Rainy
2023-12-26,360,12,0.9,51.7,24.2,996.7,Rainy
2023-12-27,361,12,21.3,89.7,35.0,1007.7,Sunny
2023-12-28,362,12,22.4,28.9,27.6,1024.0,Snowy
2023-12-29,363,12,19.1,23.2,32.9,1026.7,Sunny
2023-12-30,364,12,7.7,42.4,18.7,960.4,Cloudy
2023-12-31,365,12,30.4,63.7,37.3,1000.2,Rainy
2024-01-01,1,1,-7.8,51.7,34.5,1011.6,Cloudy
2024-01-02,2,1,4.1,29.2,34.5,1018.2,Snowy
2024-01-03,3,1,15.5,55.6,2.3,1023.6,Sunny
2024-01-04,4,1,6.2,48.0,36.6,1037.9,Snowy
2024-01-05,5,1,5.1,30.1,44.5,975.7,Rainy
2024-01-06,6,1,-9.7,96.5,15.9,1009.7,Cloudy
2024-01-07,7,1,24.4,90.3,0.4,972.1,Rainy
2024-01-08,8,1,8.9,93.6,46.4,1019.3,Sunny
2024-01-09,9,1,-0.4,40.8,22.0,1015.1,Snowy
2024-01-10,10,1,17.2,89.9,48.3,1007.2,Sunny
2024-01-11,11,1,5.5,26.1,3.1,1047.0,Foggy
2024-01-12,12,1,10.2,48.1,28.7,989.3,Snowy
2024-01-13,13,1,29.0,98.8,1.6,999.3,Snowy
2024-01-14,14,1,20.1,20.7,25.1,1019.4,Sunny
2024-01-15,15,1,35.0,74.5,49.8,1009.3,Snowy
2024-01-16,16,1,-9.2,28.9,14.0,976.0,Cloudy
2024-01-17,17,1,10.4,40.4,33.1,1024.8,Rainy
2024-01-18,18,1,30.6,28.7,6.9,998.1,Foggy
2024-01-19,19,1,8.8,97.3,40.9,987.0,Sunny
2024-01-20,20,1,-3.5,55.3,1.1,971.3,Rainy
2024-01-21,21,1,24.0,59.6,11.4,1016.8,Cloudy
2024-01-22,22,1,-8.6,37.1,42.6,1006.8,Foggy
2024-01-23,23,1,32.2,37.8,19.5,1020.1,Cloudy
2024-01-24,24,1,9.1,74.7,29.8,979.2,Sunny
2024-01-25,25,1,-0.8,83.2,17.4,963.3,Foggy
2024-01-26,26,1,-6.8,27.7,33.3,1016.5,Sunny
2024-01-27,27,1,-9.3,26.3,30.9,964.5,Cloudy
2024-01-28,28,1,5.1,53.6,31.7,1021.2,Foggy
2024-01-29,29,1,-9.5,52.4,43.3,1014.6,Sunny
2024-01-30,30,1,27.0,57.6,32.2,1024.5,Snowy
2024-01-31,31,1,-8.0,43.3,24.0,1004.6,Cloudy
2024-02-01,32,2,15.0,94.6,6.8,1024.4,Snowy
2024-02-02,33,2,1.7,84.3,4.2,984.6,Foggy
2024-02-03,34,2,25.6,79.8,4.5,982.6,Foggy
2024-02-04,35,2,20.8,82.4,27.9,1018.4,Foggy
2024-02-05,36,2,13.5,99.9,48.8,978.2,Sunny
2024-02-06,37,2,12.5,78.9,30.8,975.0,Rainy
2024-02-07,38,2,-4.9,30.4,18.7,1006.8,Rainy
2024-02-08,39,2,10.4,32.1,22.3,982.0,Snowy
2024-02-09,40,2,25.6,95.1,2.2,984.8,Cloudy
2024-02-10,41,2,33.1,46.2,19.5,986.3,Cloudy
2024-02-11,42,2,15.3,31.4,7.6,1021.3,Cloudy
2024-02-12,43,2,-1.6,41.1,38.6,967.5,Sunny
2024-02-13,44,2,9.5,68.1,34.4,1031.6,Sunny
2024-02-14,45,2,27.3,56.7,19.5,990.9,Rainy
2024-02-15,46,2,-6.1,85.3,43.7,962.5,Foggy
2024-02-16,47,2,-6.3,86.5,38.7,1012.4,Rainy
2024-02-17,48,2,24.0,61.8,0.9,1024.3,Sunny
2024-02-18,49,2,8.3,22.2,30.5,1036.5,Foggy
2024-02-19,50,2,-5.6,98.8,48.2,954.9,Foggy
2024-02-20,51,2,5.5,43.5,12.9,1040.0,Snowy
2024-02-21,52,2,-1.0,35.8,47.3,983.4,Cloudy
2024-02-22,53,2,17.0,82.4,1.5,959.8,Sunny
2024-02-23,54,2,19.8,67.1,15.9,961.0,Cloudy
2024-02-24,55,2,-4.6,27.1,10.3,974.5,Sunny
2024-02-25,56,2,5.4,83.9,41.7,957.5,Foggy
2024-02-26,57,2,2.0,30.1,20.0,1027.2,Rainy
2024-02-27,58,2,5.1,66.7,30.3,1000.2,Sunny
2024-02-28,59,2,26.2,60.9,4.1,1011.8,Foggy
2024-02-29,60,2,-0.9,93.2,32.7,961.4,Snowy
2024-03-01,61,3,7.5,41.9,28.5,974.8,Foggy
2024-03-02,62,3,35.0,93.6,43.3,951.1,Sunny
2024-03-03,63,3,28.8,90.9,41.8,972.1,Snowy
2024-03-04,64,3,31.4,32.1,11.6,1032.9,Rainy
2024-03-05,65,3,27.1,39.2,29.5,976.5,Cloudy
2024-03-06,66,3,-1.8,74.3,19.9,1040.6,Snowy
2024-03-07,67,3,15.7,94.0,38.6,1014.4,Sunny
2024-03-08,68,3,22.3,60.8,29.2,988.0,Rainy
2024-03-09,69,3,-0.5,97.0,33.8,1044.9,Cloudy
2024-03-10,70,3,18.4,74.7,17.0,1028.9,Sunny
2024-03-11,71,3,-2.8,40.6,49.0,1038.0,Foggy
2024-03-12,72,3,30.4,70.3,14.2,1006.2,Sunny
2024-03-13,73,3,7.7,74.3,48.5,975.9,Snowy
2024-03-14,74,3,17.7,40.0,49.8,968.9,Rainy
2024-03-15,75,3,16.5,57.8,5.2,1007.9,Foggy
2024-03-16,76,3,9.2,42.3,25.0,1035.9,Rainy
2024-03-17,77,3,25.1,38.0,36.4,952.7,Foggy
2024-03-18,78,3,26.6,57.0,8.8,1028.4,Sunny
2024-03-19,79,3,28.0,27.3,42.0,992.1,Snowy
2024-03-20,80,3,16.2,61.1,42.9,1042.5,Cloudy
2024-03-21,81,3,32.2,42.6,27.9,1045.8,Snowy
2024-03-22,82,3,10.6,56.1,9.0,1029.0,Snowy
2024-03-23,83,3,13.6,81.6,7.4,976.8,Sunny
2024-03-24,84,3,-8.0,70.4,43.3,968.9,Snowy
2024-03-25,85,3,-4.8,63.4,20.0,1037.1,Snowy
2024-03-26,86,3,31.8,84.9,19.4,979.7,Cloudy
2024-03-27,87,3,9.3,93.4,16.2,999.3,Snowy
2024-03-28,88,3,-1.0,88.6,20.8,996.1,Snowy
2024-03-29,89,3,2.1,49.5,17.5,954.2,Sunny
2024-03-30,90,3,14.1,20.9,18.1,977.3,Foggy
2024-03-31,91,3,34.0,21.8,27.3,997.4,Snowy
2024-04-01,92,4,18.1,83.2,14.6,1044.2,Snowy
2024-04-02,93,4,3.2,72.3,6.6,993.2,Cloudy
2024-04-03,94,4,10.0,22.6,38.1,1011.0,Foggy
2024-04-04,95,4,-9.8,30.7,31.1,1035.0,Rainy
2024-04-05,96,4,33.4,98.3,0.2,970.6,Snowy
2024-04-06,97,4,10.5,93.8,2.4,1021.6,Rainy
2024-04-07,98,4,28.4,96.7,5.3,961.1,Rainy
2024-04-08,99,4,22.2,91.9,27.4,1020.2,Snowy
2024-04-09,100,4,8.7,68.3,38.0,989.3,Cloudy
2024-04-10,101,4,23.9,31.0,38.4,951.1,Cloudy
2024-04-11,102,4,-1.9,30.5,7.1,1041.5,Cloudy
2024-04-12,103,4,5.5,53.8,26.7,999.7,Cloudy
2024-04-13,104,4,22.0,83.3,44.9,1040.6,Cloudy
2024-04-14,105,4,17.8,60.5,14.4,1005.5,Sunny
2024-04-15,106,4,9.3,50.2,24.3,1046.9,Rainy
2024-04-16,107,4,-9.2,51.2,31.0,1024.7,Foggy
2024-04-17,108,4,31.9,95.7,24.8,1029.7,Foggy
2024-04-18,109,4,24.8,54.9,28.2,1038.8,Cloudy
2024-04-19,110,4,31.7,66.1,36.3,1029.0,Cloudy
2024-04-20,111,4,5.4,63.2,38.6,971.0,Sunny
2024-04-21,112,4,15.5,24.4,15.8,989.6,Cloudy
2024-04-22,113,4,16.8,88.8,0.4,1016.3,Snowy
2024-04-23,114,4,-9.5,80.9,4.2,1012.2,Sunny
2024-04-24,115,4,31.1,91.4,22.0,1047.5,Cloudy
2024-04-25,116,4,9.6,80.3,6.2,969.8,Foggy
2024-04-26,117,4,-4.9,92.6,19.7,986.4,Sunny
2024-04-27,118,4,-1.9,66.2,20.6,959.3,Snowy
2024-04-28,119,4,12.6,35.0,33.0,1025.1,Foggy
2024-04-29,120,4,-9.7,46.1,44.8,1012.5,Foggy
2024-04-30,121,4,15.6,28.2,18.4,1023.2,Sunny
2024-05-01,122,5,2.8,32.1,9.5,1013.1,Foggy
2024-05-02,123,5,34.8,92.3,34.9,969.3,Rainy
2024-05-03,124,5,11.8,73.4,7.6,954.6,Snowy
2024-05-04,125,5,3.9,97.6,4.9,998.1,Rainy
2024-05-05,126,5,-0.1,23.9,6.4,991.8,Foggy
2024-05-06,127,5,22.0,21.3,26.1,1041.4,Rainy
2024-05-07,128,5,5.8,68.1,2.5,957.9,Snowy
2024-05-08,129,5,21.0,47.6,46.0,1016.0,Sunny
2024-05-09,130,5,-5.4,65.8,29.4,1023.2,Cloudy
2024-05-10,131,5,-9.8,73.1,47.4,1044.1,Cloudy
2024-05-11,132,5,23.6,87.7,39.5,981.2,Sunny
2024-05-12,133,5,16.8,90.2,19.6,992.6,Foggy
2024-05-13,134,5,-8.2,57.5,17.8,1026.9,Cloudy
2024-05-14,135,5,-0.0,96.0,10.4,1041.2,Rainy
2024-05-15,136,5,12.8,64.4,38.5,1008.1,Foggy
2024-05-16,137,5,6.3,91.5,9.1,1035.5,Rainy
2024-05-17,138,5,6.6,57.1,37.7,988.5,Sunny
2024-05-18,139,5,11.2,27.3,48.6,951.5,Cloudy
2024-05-19,140,5,25.3,52.1,48.2,1035.3,Foggy
2024-05-20,141,5,-7.1,30.7,6.0,1041.4,Foggy
2024-05-21,142,5,-2.7,58.5,0.7,1019.9,Sunny
2024-05-22,143,5,22.1,66.5,7.4,968.9,Snowy
2024-05-23,144,5,-2.9,99.0,37.5,1012.9,Foggy
2024-05-24,145,5,2.8,65.8,20.9,1028.0,Cloudy
2024-05-25,146,5,24.1,85.3,11.0,1008.8,Sunny
2024-05-26,147,5,24.4,81.2,33.1,1003.9,Cloudy
2024-05-27,148,5,10.1,86.8,29.3,978.7,Cloudy
2024-05-28,149,5,4.6,24.3,22.8,1013.9,Cloudy
2024-05-29,150,5,21.5,92.1,30.4,1018.5,Sunny
2024-05-30,151,5,11.9,36.0,39.9,1025.6,Snowy
2024-05-31,152,5,-6.2,38.5,0.6,987.2,Foggy
2024-06-01,153,6,21.2,76.1,37.8,1006.5,Sunny
2024-06-02,154,6,26.5,27.6,45.1,1003.5,Cloudy
2024-06-03,155,6,26.8,81.3,8.5,971.1,Sunny
2024-06-04,156,6,4.7,68.0,8.7,1042.4,Cloudy
2024-06-05,157,6,-2.3,50.2,3.6,966.1,Foggy
2024-06-06,158,6,3.6,45.6,45.7,976.6,Cloudy
2024-06-07,159,6,25.7,32.5,48.9,1032.3,Foggy
2024-06-08,160,6,10.0,90.7,46.5,993.2,Foggy
2024-06-09,161,6,26.5,30.3,20.8,1027.4,Sunny
2024-06-10,162,6,21.5,27.0,40.9,965.4,Cloudy
2024-06-11,163,6,14.2,88.8,12.1,998.7,Foggy
2024-06-12,164,6,-1.5,91.4,13.0,1015.0,Foggy
2024-06-13,165,6,14.9,94.7,36.3,976.7,Sunny
2024-06-14,166,6,10.0,85.8,24.6,986.5,Sunny
2024-06-15,167,6,32.0,94.2,13.1,1043.0,Rainy
2024-06-16,168,6,30.3,98.3,28.2,1016.0,Snowy
2024-06-17,169,6,31.3,69.1,2.0,980.1,Snowy
2024-06-18,170,6,23.5,85.1,5.1,1024.0,Foggy
2024-06-19,171,6,-6.6,36.5,26.9,1049.7,Cloudy
2024-06-20,172,6,13.8,99.8,19.3,1048.8,Snowy
2024-06-21,173,6,-0.4,20.7,36.0,1045.1,Foggy
2024-06-22,174,6,2.8,47.6,15.3,1022.4,Cloudy
2024-06-23,175,6,18.1,88.5,44.8,965.9,Sunny
2024-06-24,176,6,3.9,31.9,3.9,1029.3,Rainy
2024-06-25,177,6,9.2,59.4,3.3,993.1,Foggy
2024-06-26,178,6,22.4,74.8,31.1,1040.1,Cloudy
2024-06-27,179,6,-1.2,55.5,18.8,1044.8,Rainy
2024-06-28,180,6,23.9,99.9,32.8,988.8,Cloudy
2024-06-29,181,6,33.4,64.7,34.7,1026.7,Snowy
2024-06-30,182,6,31.1,65.2,15.5,1025.1,Snowy
2024-07-01,183,7,3.4,79.8,5.2,1035.4,Snowy
2024-07-02,184,7,29.4,70.0,38.1,980.3,Cloudy
2024-07-03,185,7,20.8,57.7,30.0,978.2,Foggy
2024-07-04,186,7,27.1,63.5,25.5,987.2,Rainy
2024-07-05,187,7,19.0,62.4,44.2,1041.9,Foggy
2024-07-06,188,7,23.0,29.5,41.7,1033.4,Foggy
2024-07-07,189,7,33.5,49.8,34.0,985.1,Rainy
2024-07-08,190,7,-3.8,91.5,36.8,991.4,Cloudy
2024-07-09,191,7,-8.9,38.1,39.6,988.7,Rainy
2024-07-10,192,7,34.9,22.0,48.2,1020.1,Snowy
2024-07-11,193,7,29.7,71.7,44.4,1041.6,Snowy
2024-07-12,194,7,-4.6,22.5,36.6,971.2,Foggy
2024-07-13,195,7,21.3,32.5,13.8,1009.7,Foggy
2024-07-14,196,7,8.6,26.8,29.7,1041.7,Sunny
2024-07-15,197,7,-5.0,93.0,7.2,960.7,Foggy
2024-07-16,198,7,-5.7,90.0,39.2,998.6,Rainy
2024-07-17,199,7,31.4,66.8,9.5,998.0,Sunny
2024-07-18,200,7,13.5,59.2,38.1,966.6,Sunny
2024-07-19,201,7,29.7,53.7,45.5,1048.1,Rainy
2024-07-20,202,7,29.1,76.1,27.0,1029.4,Rainy
2024-07-21,203,7,7.4,55.2,39.8,1039.6,Cloudy
2024-07-22,204,7,14.2,70.8,27.8,995.7,Sunny
2024-07-23,205,7,1.8,79.9,18.4,981.2,Rainy
2024-07-24,206,7,10.5,65.5,27.2,1038.3,Sunny
2024-07-25,207,7,3.3,88.5,27.8,1037.3,Sunny
2024-07-26,208,7,21.1,63.2,39.9,971.6,Foggy
2024-07-27,209,7,-6.5,32.3,10.7,1047.1,Foggy
2024-07-28,210,7,33.8,32.6,28.5,976.7,Foggy
2024-07-29,211,7,28.6,20.1,30.5,985.4,Sunny
2024-07-30,212,7,27.2,78.0,47.4,1045.3,Snowy
2024-07-31,213,7,2.8,90.1,3.0,1024.5,Rainy
2024-08-01,214,8,1.2,45.5,33.8,984.7,Snowy
2024-08-02,215,8,12.4,42.6,8.5,1047.0,Snowy
2024-08-03,216,8,4.6,65.4,11.7,968.7,Rainy
2024-08-04,217,8,34.8,49.4,24.9,1029.9,Cloudy
2024-08-05,218,8,-2.6,79.9,33.6,1006.0,Foggy
2024-08-06,219,8,0.2,87.1,41.7,963.5,Foggy
2024-08-07,220,8,33.3,27.4,31.2,1024.3,Rainy
2024-08-08,221,8,-7.7,34.9,47.7,976.2,Cloudy
2024-08-09,222,8,6.7,58.8,28.5,1036.4,Foggy
2024-08-10,223,8,17.9,57.6,0.3,977.9,Foggy
2024-08-11,224,8,35.0,80.2,20.6,1029.4,Sunny
2024-08-12,225,8,-9.7,90.9,36.9,952.2,Snowy
2024-08-13,226,8,-9.1,80.4,23.4,991.0,Foggy
2024-08-14,227,8,-9.9,49.7,39.7,985.3,Sunny
2024-08-15,228,8,1.2,25.7,21.1,950.8,Snowy
2024-08-16,229,8,17.1,68.2,16.5,987.8,Rainy
2024-08-17,230,8,26.5,68.0,37.3,968.6,Sunny
2024-08-18,231,8,20.9,23.0,35.7,1011.3,Snowy
2024-08-19,232,8,19.7,29.4,20.8,1025.0,Rainy
2024-08-20,233,8,17.3,70.6,34.5,961.2,Snowy
2024-08-21,234,8,-1.6,58.0,0.8,968.0,Rainy
2024-08-22,235,8,16.1,64.9,22.1,1018.1,Rainy
2024-08-23,236,8,11.6,39.7,30.0,1033.4,Foggy
2024-08-24,237,8,-2.7,75.9,15.8,1019.6,Foggy
2024-08-25,238,8,1.3,69.9,33.1,1007.1,Sunny
2024-08-26,239,8,0.4,49.5,47.6,1024.0,Rainy
2024-08-27,240,8,15.4,25.0,17.6,969.2,Sunny
2024-08-28,241,8,30.2,63.6,32.4,998.5,Foggy
2024-08-29,242,8,1.3,40.4,24.3,972.3,Cloudy
2024-08-30,243,8,-3.6,39.0,3.4,1015.9,Rainy
2024-08-31,244,8,-7.9,53.4,0.5,1048.1,Foggy
2024-09-01,245,9,2.0,90.7,24.1,987.3,Snowy
2024-09-02,246,9,3.4,66.4,42.4,951.3,Cloudy
2024-09-03,247,9,33.6,44.4,42.6,1009.0,Foggy
2024-09-04,248,9,24.4,59.4,26.9,1006.4,Rainy
2024-09-05,249,9,26.4,81.9,27.4,1008.1,Rainy
2024-09-06,250,9,15.6,29.2,31.3,952.8,Cloudy
2024-09-07,251,9,-4.0,53.6,46.3,1007.0,Cloudy
2024-09-08,252,9,4.2,35.8,0.4,999.2,Foggy
2024-09-09,253,9,-8.9,45.8,18.5,1004.5,Rainy
2024-09-10,254,9,32.8,86.2,13.2,956.3,Rainy
2024-09-11,255,9,19.0,25.8,0.1,955.4,Sunny
2024-09-12,256,9,2.8,46.3,36.5,1049.6,Foggy
2024-09-13,257,9,18.6,95.3,3.6,989.4,Cloudy
2024-09-14,258,9,19.1,74.5,39.8,1030.1,Snowy
2024-09-15,259,9,24.8,23.2,32.9,1023.3,Rainy
2024-09-16,260,9,20.2,30.4,38.7,1016.2,Cloudy
2024-09-17,261,9,18.9,49.3,46.4,974.6,Sunny
2024-09-18,262,9,-1.1,45.4,36.7,1038.6,Sunny
2024-09-19,263,9,-6.4,53.8,16.7,1030.7,Cloudy
2024-09-20,264,9,25.7,91.4,0.8,975.3,Rainy
2024-09-21,265,9,-4.0,52.0,45.3,961.8,Rainy
2024-09-22,266,9,8.5,95.2,35.8,950.3,Sunny
2024-09-23,267,9,-6.6,82.2,38.4,965.8,Sunny
2024-09-24,268,9,23.4,49.1,3.8,950.6,Sunny
2024-09-25,269,9,26.4,23.6,45.2,1016.1,Sunny
2024-09-26,270,9,33.6,25.3,39.2,1039.5,Foggy
2024-09-27,271,9,-7.6,35.8,48.2,1005.8,Foggy
2024-09-28,272,9,-8.6,27.8,15.9,1039.1,Foggy
2024-09-29,273,9,18.1,25.5,46.5,1010.6,Foggy
2024-09-30,274,9,7.9,20.6,30.2,962.4,Snowy
2024-10-01,275,10,-3.5,84.9,8.1,987.2,Rainy
2024-10-02,276,10,25.7,49.3,23.8,1046.3,Rainy
2024-10-03,277,10,23.0,22.8,13.4,959.4,Snowy
2024-10-04,278,10,3.1,64.4,47.5,1021.1,Foggy
2024-10-05,279,10,4.6,37.9,6.3,996.7,Snowy
2024-10-06,280,10,1.4,61.0,25.4,979.3,Sunny
2024-10-07,281,10,2.1,49.8,49.9,1018.4,Snowy
2024-10-08,282,10,20.3,21.2,41.4,1006.3,Cloudy
2024-10-09,283,10,-2.8,39.1,30.4,952.3,Cloudy
2024-10-10,284,10,10.1,42.3,34.9,1047.1,Snowy
2024-10-11,285,10,2.5,44.2,36.2,1015.9,Rainy
2024-10-12,286,10,22.8,71.0,20.6,1015.1,Snowy
2024-10-13,287,10,34.0,70.6,22.3,983.6,Foggy
2024-10-14,288,10,10.0,23.7,14.4,1004.9,Snowy
2024-10-15,289,10,14.4,74.9,26.2,1003.7,Rainy
2024-10-16,290,10,17.7,33.2,24.6,1017.9,Cloudy
2024-10-17,291,10,2.4,27.0,46.3,1034.6,Foggy
2024-10-18,292,10,-9.9,50.9,25.3,997.9,Rainy
2024-10-19,293,10,24.1,98.0,14.9,1048.3,Snowy
2024-10-20,294,10,7.0,71.5,27.1,1045.8,Foggy
2024-10-21,295,10,18.2,65.8,25.7,1029.5,Rainy
2024-10-22,296,10,31.1,34.7,38.8,968.4,Snowy
2024-10-23,297,10,3.6,49.5,34.2,987.6,Snowy
2024-10-24,298,10,25.8,31.7,31.5,986.2,Snowy
2024-10-25,299,10,4.2,56.7,13.3,1011.9,Rainy
2024-10-26,300,10,3.4,95.1,27.9,1049.9,Snowy
2024-10-27,301,10,29.3,41.8,9.9,963.5,Foggy
2024-10-28,302,10,2.3,70.4,4.9,1043.6,Cloudy
2024-10-29,303,10,-8.8,51.7,15.9,1013.5,Rainy
2024-10-30,304,10,29.8,46.3,26.0,976.3,Snowy
2024-10-31,305,10,2.3,69.0,29.3,1032.3,Rainy
2024-11-01,306,11,32.2,37.8,38.0,1043.0,Snowy
2024-11-02,307,11,5.8,50.0,33.7,955.9,Foggy
2024-11-03,308,11,26.9,40.6,33.1,977.8,Snowy
2024-11-04,309,11,26.8,33.0,43.9,1022.8,Snowy
2024-11-05,310,11,27.2,46.5,3.4,975.1,Rainy
2024-11-06,311,11,33.2,31.4,36.7,962.2,Rainy
2024-11-07,312,11,27.5,78.9,16.1,1040.9,Sunny
2024-11-08,313,11,13.7,35.3,37.9,1014.6,Snowy
2024-11-09,314,11,26.5,35.5,4.2,1026.8,Sunny
2024-11-10,315,11,28.4,73.6,14.0,1040.8,Foggy
2024-11-11,316,11,30.3,82.9,16.0,1010.7,Cloudy
2024-11-12,317,11,20.1,49.4,13.1,1002.6,Foggy
2024-11-13,318,11,13.2,63.0,23.4,1021.4,Snowy
2024-11-14,319,11,32.6,61.7,24.5,1006.7,Cloudy
2024-11-15,320,11,-9.3,59.8,7.5,977.0,Rainy
2024-11-16,321,11,26.5,37.2,5.3,1025.1,Snowy
2024-11-17,322,11,-6.4,99.6,41.0,1014.3,Sunny
2024-11-18,323,11,-4.8,45.1,15.1,1001.1,Foggy
2024-11-19,324,11,30.2,23.2,5.1,997.4,Foggy
2024-11-20,325,11,6.7,85.3,24.0,951.6,Sunny
2024-11-21,326,11,-7.1,92.4,9.4,1045.3,Snowy
2024-11-22,327,11,15.8,41.2,10.4,993.6,Cloudy
2024-11-23,328,11,20.1,58.0,40.1,995.5,Foggy
2024-11-24,329,11,16.2,98.8,10.1,980.6,Cloudy
2024-11-25,330,11,25.5,32.0,39.4,1002.9,Sunny
2024-11-26,331,11,19.9,88.3,3.0,1030.8,Foggy
2024-11-27,332,11,19.6,31.6,10.5,1026.5,Foggy
2024-11-28,333,11,-8.7,89.1,33.1,983.7,Cloudy
2024-11-29,334,11,11.8,25.2,16.2,995.5,Foggy
2024-11-30,335,11,11.6,27.1,37.6,987.4,Snowy
2024-12-01,336,12,22.0,56.2,33.9,953.6,Foggy
2024-12-02,337,12,10.6,71.5,8.6,1041.6,Cloudy
2024-12-03,338,12,19.4,35.4,18.8,1035.6,Snowy
2024-12-04,339,12,-8.2,52.0,47.3,1041.3,Cloudy
2024-12-05,340,12,31.3,43.2,36.7,1025.4,Sunny
2024-12-06,341,12,32.8,68.4,15.7,1040.3,Rainy
2024-12-07,342,12,-5.3,57.7,37.4,1041.1,Cloudy
2024-12-08,343,12,29.9,75.3,35.0,973.4,Sunny
2024-12-09,344,12,3.1,42.2,23.8,978.4,Rainy
2024-12-10,345,12,-8.4,81.5,33.5,966.0,Cloudy
2024-12-11,346,12,14.1,99.4,8.9,1003.6,Rainy
2024-12-12,347,12,10.8,25.0,2.9,957.2,Snowy
2024-12-13,348,12,0.4,36.1,49.8,977.9,Rainy
2024-12-14,349,12,-4.3,80.1,4.6,986.5,Snowy
2024-12-15,350,12,3.5,38.5,42.0,958.5,Sunny
2024-12-16,351,12,4.9,55.8,45.0,1014.3,Snowy
2024-12-17,352,12,0.5,41.1,30.2,1007.9,Rainy
2024-12-18,353,12,14.8,41.9,1.3,969.3,Snowy
2024-12-19,354,12,28.3,52.5,47.2,992.3,Cloudy
2024-12-20,355,12,25.2,36.2,36.6,985.0,Snowy
2024-12-21,356,12,17.3,32.3,22.5,1036.7,Snowy
2024-12-22,357,12,15.2,30.2,40.6,1022.4,Foggy
2024-12-23,358,12,-9.2,53.9,12.6,973.4,Sunny
2024-12-24,359,12,20.8,73.7,8.2,966.0,Cloudy
2024-12-25,360,12,20.4,99.6,46.7,980.5,Snowy
2024-12-26,361,12,-4.2,22.9,33.3,973.6,Sunny
2024-12-27,362,12,25.2,72.4,30.2,1036.0,Rainy
2024-12-28,363,12,-0.2,45.8,39.1,971.4,Cloudy
2024-12-29,364,12,33.5,77.7,28.6,1003.7,Foggy
2024-12-30,365,12,21.3,84.7,18.2,1006.1,Foggy
2024-12-31,366,12,18.8,60.2,21.1,984.3,Foggy
2025-01-01,1,1,7.6,48.3,1.7,997.3,Cloudy
2025-01-02,2,1,8.6,42.5,22.8,997.2,Foggy
2025-01-03,3,1,27.0,50.0,13.5,1016.4,Rainy
2025-01-04,4,1,-4.4,57.1,19.7,984.3,Foggy
2025-01-05,5,1,8.1,47.3,9.1,1043.6,Sunny
2025-01-06,6,1,-6.1,72.3,18.3,1033.0,Foggy
2025-01-07,7,1,29.1,65.6,19.0,1014.3,Cloudy
2025-01-08,8,1,33.5,56.3,14.2,956.3,Rainy
2025-01-09,9,1,27.1,79.5,4.7,971.4,Sunny
2025-01-10,10,1,27.4,92.9,6.5,959.9,Sunny
2025-01-11,11,1,-8.3,50.9,8.3,957.5,Rainy
2025-01-12,12,1,29.1,74.0,14.7,964.0,Rainy
2025-01-13,13,1,-1.3,28.7,47.5,970.2,Foggy
2025-01-14,14,1,14.2,61.1,18.0,982.5,Cloudy
2025-01-15,15,1,4.6,71.5,29.0,985.1,Cloudy
2025-01-16,16,1,2.0,26.7,47.9,953.8,Cloudy
2025-01-17,17,1,21.7,81.4,24.7,1028.6,Sunny
2025-01-18,18,1,8.6,52.8,42.6,1041.0,Rainy
2025-01-19,19,1,17.7,46.3,1.1,1025.6,Foggy
2025-01-20,20,1,17.8,82.8,37.6,1002.2,Snowy
2025-01-21,21,1,24.1,99.4,40.8,1000.9,Cloudy
2025-01-22,22,1,-10.0,85.2,22.9,1014.3,Snowy
2025-01-23,23,1,-2.6,67.1,0.3,1009.0,Snowy
2025-01-24,24,1,20.3,71.6,16.7,1040.1,Cloudy
2025-01-25,25,1,16.4,88.4,48.1,974.3,Foggy
2025-01-26,26,1,15.2,59.8,48.6,954.6,Cloudy
2025-01-27,27,1,-4.4,69.5,21.1,1013.3,Rainy
2025-01-28,28,1,3.6,62.6,27.1,1015.8,Sunny
2025-01-29,29,1,31.0,85.8,31.0,963.1,Cloudy
2025-01-30,30,1,5.2,89.5,45.5,1028.6,Snowy
2025-01-31,31,1,2.7,58.3,44.6,1044.2,Snowy
2025-02-01,32,2,4.6,76.4,18.2,1005.4,Cloudy
2025-02-02,33,2,-3.0,71.1,22.2,970.9,Sunny
2025-02-03,34,2,-8.8,22.9,1.3,1016.3,Rainy
2025-02-04,35,2,19.1,98.6,43.3,1032.9,Foggy
2025-02-05,36,2,5.2,86.2,11.2,1003.7,Sunny
2025-02-06,37,2,1.0,87.1,48.0,1013.9,Rainy
2025-02-07,38,2,22.5,38.7,26.4,963.7,Foggy
2025-02-08,39,2,32.2,37.5,26.2,1018.4,Rainy
2025-02-09,40,2,20.8,45.1,41.2,1040.0,Cloudy
2025-02-10,41,2,33.4,32.0,23.9,980.4,Rainy
2025-02-11,42,2,3.2,48.4,35.2,1037.5,Snowy
2025-02-12,43,2,23.1,52.3,30.8,1045.1,Cloudy
2025-02-13,44,2,12.8,66.5,7.1,971.4,Snowy
2025-02-14,45,2,8.7,75.3,30.4,984.8,Cloudy
2025-02-15,46,2,33.4,55.4,7.0,1015.5,Sunny
2025-02-16,47,2,8.3,75.0,21.4,999.2,Rainy
2025-02-17,48,2,21.2,60.5,27.1,1008.1,Cloudy
2025-02-18,49,2,16.5,30.3,45.4,1038.2,Foggy
2025-02-19,50,2,31.2,55.8,39.9,1014.9,Sunny
2025-02-20,51,2,-1.7,62.1,28.0,987.6,Cloudy
2025-02-21,52,2,20.0,53.6,13.9,1002.1,Cloudy
2025-02-22,53,2,12.9,56.6,39.9,1039.3,Rainy
2025-02-23,54,2,-0.2,50.3,26.7,1032.4,Sunny
2025-02-24,55,2,20.2,88.2,6.9,966.0,Rainy
2025-02-25,56,2,21.8,40.7,12.8,1021.5,Snowy
2025-02-26,57,2,8.3,35.4,30.5,994.4,Rainy
2025-02-27,58,2,16.8,95.6,32.0,1020.2,Cloudy
2025-02-28,59,2,18.8,90.4,6.7,1016.5,Sunny
2025-03-01,60,3,5.0,45.9,45.0,1003.7,Snowy
2025-03-02,61,3,-9.1,66.4,26.9,1040.5,Cloudy
2025-03-03,62,3,-2.4,37.3,47.8,971.0,Foggy
2025-03-04,63,3,4.6,66.6,2.4,1047.4,Snowy
2025-03-05,64,3,20.8,20.6,15.6,1011.2,Foggy
2025-03-06,65,3,25.0,94.0,21.7,984.9,Foggy
2025-03-07,66,3,0.4,79.9,39.5,956.4,Sunny
2025-03-08,67,3,5.3,41.5,3.9,1043.8,Sunny
2025-03-09,68,3,19.6,28.5,44.9,1009.0,Snowy
2025-03-10,69,3,9.0,56.0,18.9,982.9,Snowy
2025-03-11,70,3,-0.1,66.6,38.2,986.3,Sunny
2025-03-12,71,3,25.7,72.6,38.6,972.9,Rainy
2025-03-13,72,3,11.3,53.7,27.5,1010.0,Cloudy
2025-03-14,73,3,17.8,95.0,5.5,1039.6,Rainy
2025-03-15,74,3,9.6,51.0,22.0,983.8,Sunny
2025-03-16,75,3,13.8,96.0,9.2,1043.4,Cloudy
2025-03-17,76,3,30.3,74.7,49.1,1042.8,Sunny
2025-03-18,77,3,13.5,54.4,45.3,991.4,Sunny
2025-03-19,78,3,-0.6,81.6,5.5,1014.8,Snowy
2025-03-20,79,3,12.8,26.8,21.2,978.7,Rainy
2025-03-21,80,3,31.7,20.1,46.2,966.0,Sunny
2025-03-22,81,3,19.2,46.3,26.6,985.3,Cloudy
2025-03-23,82,3,17.1,45.1,15.9,960.5,Rainy
2025-03-24,83,3,-0.8,69.5,43.8,956.4,Foggy
2025-03-25,84,3,-4.6,81.7,41.6,1031.2,Snowy
2025-03-26,85,3,-3.3,73.5,24.4,984.8,Snowy
2025-03-27,86,3,-0.2,76.5,13.9,1015.4,Sunny
2025-03-28,87,3,14.9,92.1,40.2,1033.8,Rainy
2025-03-29,88,3,28.7,48.6,22.1,952.0,Rainy
2025-03-30,89,3,-3.2,34.8,22.0,991.6,Sunny
2025-03-31,90,3,22.2,23.0,34.1,950.7,Snowy
2025-04-01,91,4,-9.9,25.2,44.8,980.1,Foggy
2025-04-02,92,4,16.5,73.2,31.1,966.6,Sunny
2025-04-03,93,4,-7.1,84.9,7.0,976.3,Foggy
2025-04-04,94,4,11.8,71.4,3.4,1015.0,Snowy
2025-04-05,95,4,30.1,56.0,28.5,986.5,Sunny
2025-04-06,96,4,33.6,82.1,22.5,1009.4,Rainy
2025-04-07,97,4,16.9,20.0,32.9,985.0,Rainy
2025-04-08,98,4,24.4,79.0,1.7,995.4,Sunny
2025-04-09,99,4,13.2,71.0,35.5,972.1,Snowy
2025-04-10,100,4,8.5,79.1,49.2,994.9,Foggy
2025-04-11,101,4,28.3,88.2,32.6,1030.2,Foggy
2025-04-12,102,4,29.0,87.5,45.0,990.2,Snowy
2025-04-13,103,4,-9.3,48.5,18.3,963.3,Snowy
2025-04-14,104,4,21.8,71.5,16.2,995.2,Cloudy
2025-04-15,105,4,19.1,73.6,7.8,970.8,Rainy
2025-04-16,106,4,-1.5,45.3,42.0,1011.1,Cloudy
2025-04-17,107,4,4.9,39.0,11.1,1019.1,Rainy
2025-04-18,108,4,26.3,92.9,22.1,987.9,Rainy
2025-04-19,109,4,28.3,51.5,8.5,966.6,Snowy
2025-04-20,110,4,34.0,43.4,9.2,976.1,Sunny
2025-04-21,111,4,26.9,57.5,29.5,995.2,Snowy
2025-04-22,112,4,1.6,27.2,12.9,1001.5,Cloudy
2025-04-23,113,4,19.5,54.4,4.9,997.0,Snowy
2025-04-24,114,4,-3.0,46.6,44.6,970.7,Foggy
2025-04-25,115,4,18.0,91.7,42.5,1023.0,Snowy
2025-04-26,116,4,9.8,23.6,7.1,1013.3,Foggy
2025-04-27,117,4,-5.4,72.9,32.3,969.2,Sunny
2025-04-28,118,4,3.9,88.7,29.3,1043.5,Snowy
2025-04-29,119,4,25.9,46.1,7.3,994.3,Cloudy
2025-04-30,120,4,13.8,47.8,22.4,1013.5,Cloudy
2025-05-01,121,5,9.7,91.7,0.6,1040.4,Foggy
2025-05-02,122,5,14.0,34.7,43.4,1032.0,Snowy
2025-05-03,123,5,31.2,62.5,48.0,967.5,Sunny
2025-05-04,124,5,15.4,81.3,16.3,962.6,Cloudy
2025-05-05,125,5,18.4,37.7,1.1,1021.4,Foggy
2025-05-06,126,5,26.5,49.4,49.9,959.0,Snowy
2025-05-07,127,5,7.0,60.0,14.3,1043.9,Cloudy
2025-05-08,128,5,0.5,53.6,33.7,1025.2,Cloudy
2025-05-09,129,5,2.7,41.5,28.9,1019.2,Cloudy
2025-05-10,130,5,-1.0,81.1,30.7,1019.4,Rainy
2025-05-11,131,5,24.8,78.1,49.0,982.1,Foggy
2025-05-12,132,5,10.5,26.5,26.8,979.3,Snowy
2025-05-13,133,5,18.6,28.9,31.6,968.5,Cloudy
2025-05-14,134,5,13.4,37.0,14.6,1042.6,Cloudy
2025-05-15,135,5,3.1,44.5,29.7,1024.6,Foggy
2025-05-16,136,5,11.0,79.6,38.9,1038.8,Snowy
2025-05-17,137,5,1.7,97.6,46.5,957.4,Sunny
2025-05-18,138,5,6.6,53.3,32.3,964.3,Foggy
2025-05-19,139,5,21.5,57.2,14.6,953.6,Snowy
2025-05-20,140,5,3.5,46.2,24.5,1025.5,Sunny
2025-05-21,141,5,27.8,26.6,1.6,984.1,Foggy
2025-05-22,142,5,5.1,62.1,28.5,1045.0,Snowy
2025-05-23,143,5,-5.7,40.0,37.5,1044.7,Snowy
2025-05-24,144,5,23.6,65.3,25.0,1022.2,Foggy
2025-05-25,145,5,6.2,78.6,41.0,1024.5,Sunny
2025-05-26,146,5,-0.8,76.8,15.3,1026.1,Foggy
2025-05-27,147,5,33.0,52.6,1.3,1008.2,Cloudy
2025-05-28,148,5,28.2,81.0,31.3,990.4,Foggy
2025-05-29,149,5,24.7,90.3,42.0,1027.7,Foggy
2025-05-30,150,5,20.1,22.1,18.6,952.9,Sunny
2025-05-31,151,5,-8.4,97.2,11.9,993.6,Cloudy
2025-06-01,152,6,24.3,51.8,34.6,1049.2,Sunny
2025-06-02,153,6,13.0,54.9,34.0,1001.0,Sunny
2025-06-03,154,6,1.9,26.1,34.4,950.1,Snowy
2025-06-04,155,6,25.4,21.1,16.2,986.8,Rainy
2025-06-05,156,6,34.4,36.7,49.7,1038.6,Foggy
2025-06-06,157,6,30.8,57.7,18.0,985.8,Rainy
2025-06-07,158,6,10.3,72.1,31.4,1028.9,Foggy
2025-06-08,159,6,17.6,72.7,7.6,1026.7,Snowy
2025-06-09,160,6,-3.6,47.3,7.1,987.4,Snowy
2025-06-10,161,6,22.4,85.7,44.0,1026.0,Rainy
2025-06-11,162,6,5.4,90.2,24.6,1003.1,Rainy
2025-06-12,163,6,26.9,50.1,37.3,997.3,Foggy
2025-06-13,164,6,13.5,23.2,35.4,1005.2,Snowy
2025-06-14,165,6,-1.1,59.6,29.7,1026.3,Cloudy
2025-06-15,166,6,32.6,65.7,36.3,989.4,Rainy
2025-06-16,167,6,-5.1,99.3,4.7,998.5,Foggy
2025-06-17,168,6,-5.2,52.7,20.6,956.6,Snowy
2025-06-18,169,6,21.6,59.6,41.7,992.6,Sunny
2025-06-19,170,6,20.8,75.4,44.8,1047.0,Rainy
2025-06-20,171,6,5.7,91.8,29.9,959.2,Foggy
2025-06-21,172,6,16.7,79.1,13.3,1034.6,Cloudy
2025-06-22,173,6,-7.4,33.8,39.2,967.5,Foggy
2025-06-23,174,6,16.4,38.6,0.5,1019.1,Cloudy
2025-06-24,175,6,13.6,64.7,2.6,1016.1,Sunny
2025-06-25,176,6,-5.1,88.6,26.7,1039.1,Sunny
2025-06-26,177,6,21.6,72.2,29.1,950.3,Snowy
2025-06-27,178,6,5.5,25.0,2.8,966.1,Foggy
2025-06-28,179,6,4.4,84.0,4.0,1023.2,Snowy
2025-06-29,180,6,25.6,80.5,19.0,954.0,Sunny
2025-06-30,181,6,34.7,57.7,12.2,950.6,Cloudy
2025-07-01,182,7,-9.2,88.6,22.8,959.9,Sunny
2025-07-02,183,7,1.8,84.5,40.8,955.7,Rainy
2025-07-03,184,7,23.9,57.1,3.6,981.0,Foggy
2025-07-04,185,7,27.0,58.8,49.4,989.9,Foggy
2025-07-05,186,7,22.2,88.4,5.2,991.5,Foggy
2025-07-06,187,7,18.5,85.3,2.0,979.8,Sunny
2025-07-07,188,7,-3.8,88.8,5.8,983.0,Snowy
2025-07-08,189,7,-2.2,97.3,33.7,953.1,Sunny
2025-07-09,190,7,-5.3,40.2,2.3,1002.5,Foggy
2025-07-10,191,7,21.5,31.8,40.2,997.7,Rainy
2025-07-11,192,7,4.8,33.8,37.7,1036.1,Rainy
2025-07-12,193,7,-2.0,59.7,42.1,1027.3,Sunny
2025-07-13,194,7,32.0,42.0,17.9,1026.6,Rainy
2025-07-14,195,7,-9.2,69.9,40.2,962.2,Sunny
2025-07-15,196,7,27.9,90.2,17.0,985.9,Rainy
2025-07-16,197,7,-0.7,29.4,40.2,960.2,Rainy
2025-07-17,198,7,5.5,93.7,5.0,1007.4,Cloudy
2025-07-18,199,7,34.9,70.5,3.2,996.0,Snowy
2025-07-19,200,7,1.8,35.6,10.6,967.4,Snowy
2025-07-20,201,7,19.8,43.7,44.8,1027.0,Sunny
2025-07-21,202,7,29.4,97.2,27.4,1040.0,Rainy
2025-07-22,203,7,-3.9,40.6,33.1,971.8,Snowy
2025-07-23,204,7,-4.4,77.6,37.3,1024.9,Foggy
2025-07-24,205,7,20.7,60.7,39.0,976.6,Rainy
2025-07-25,206,7,21.2,89.5,11.3,985.8,Cloudy
2025-07-26,207,7,21.4,66.2,7.6,1039.8,Rainy
2025-07-27,208,7,-6.3,80.2,34.3,961.6,Rainy
2025-07-28,209,7,25.6,81.9,9.9,993.4,Rainy
2025-07-29,210,7,11.6,88.3,47.9,1041.5,Sunny
2025-07-30,211,7,3.5,47.3,1.7,996.8,Rainy
2025-07-31,212,7,-6.4,87.7,45.3,1005.1,Snowy
2025-08-01,213,8,8.9,58.1,27.9,1048.7,Cloudy
2025-08-02,214,8,11.8,55.7,19.2,1037.2,Snowy
2025-08-03,215,8,19.1,58.8,47.5,988.5,Cloudy
2025-08-04,216,8,3.5,61.6,42.3,969.6,Sunny
2025-08-05,217,8,17.8,61.4,44.9,1033.4,Rainy
2025-08-06,218,8,12.2,56.9,10.0,955.5,Foggy
2025-08-07,219,8,11.3,92.4,22.6,973.1,Rainy
2025-08-08,220,8,17.6,92.2,40.6,1036.5,Cloudy
2025-08-09,221,8,15.9,86.2,10.2,1002.4,Sunny
2025-08-10,222,8,29.2,39.5,33.2,1036.0,Cloudy
2025-08-11,223,8,3.6,87.5,33.4,1026.2,Rainy
2025-08-12,224,8,29.7,26.7,5.8,1036.9,Foggy
2025-08-13,225,8,4.1,37.6,19.7,980.8,Rainy
2025-08-14,226,8,29.8,48.5,32.1,998.2,Sunny
2025-08-15,227,8,11.6,78.6,35.1,999.1,Sunny
2025-08-16,228,8,-8.2,91.6,4.6,968.4,Rainy
2025-08-17,229,8,6.5,22.0,6.3,987.8,Snowy
2025-08-18,230,8,0.6,48.4,46.0,1024.3,Snowy
2025-08-19,231,8,-0.9,47.1,40.1,956.6,Rainy
2025-08-20,232,8,-0.6,33.6,44.8,1030.6,Rainy
2025-08-21,233,8,11.3,83.6,5.5,1032.0,Rainy
2025-08-22,234,8,23.0,86.1,23.8,972.6,Rainy
2025-08-23,235,8,-7.5,81.1,47.9,1021.6,Snowy
2025-08-24,236,8,9.1,84.8,48.3,960.2,Sunny
2025-08-25,237,8,28.1,71.2,1.0,965.5,Cloudy
2025-08-26,238,8,25.1,26.7,27.0,1004.1,Cloudy
2025-08-27,239,8,17.1,42.5,21.9,1030.4,Sunny
2025-08-28,240,8,-6.2,62.6,14.2,1015.1,Rainy
2025-08-29,241,8,14.0,86.0,42.2,994.3,Snowy
2025-08-30,242,8,28.2,47.2,35.7,1002.7,Cloudy
2025-08-31,243,8,0.9,95.3,9.4,971.0,Snowy
2025-09-01,244,9,29.6,57.3,11.2,983.6,Snowy
2025-09-02,245,9,30.9,21.0,12.7,1037.5,Foggy
2025-09-03,246,9,13.2,44.1,10.1,979.9,Snowy
2025-09-04,247,9,-0.5,74.9,47.0,1000.9,Foggy
2025-09-05,248,9,14.1,56.9,27.6,969.2,Rainy
2025-09-06,249,9,29.0,89.7,44.5,1014.7,Foggy
2025-09-07,250,9,30.1,22.8,7.0,1002.6,Sunny
2025-09-08,251,9,3.1,80.7,48.3,990.5,Sunny
2025-09-09,252,9,7.9,95.4,17.3,1010.6,Snowy
2025-09-10,253,9,0.1,45.8,24.3,1017.9,Cloudy
2025-09-11,254,9,20.4,45.3,6.5,1009.6,Rainy
2025-09-12,255,9,8.9,80.3,9.9,997.5,Cloudy
2025-09-13,256,9,-3.0,60.2,5.6,1022.0,Snowy
2025-09-14,257,9,14.8,77.3,13.6,1022.8,Rainy
2025-09-15,258,9,-4.1,98.3,15.3,961.0,Cloudy
2025-09-16,259,9,18.0,56.9,17.4,1048.3,Sunny
2025-09-17,260,9,-5.8,71.7,6.9,978.9,Foggy
2025-09-18,261,9,7.2,51.5,32.2,1010.3,Foggy
2025-09-19,262,9,14.6,29.7,44.0,1041.9,Sunny
2025-09-20,263,9,2.7,98.3,8.0,1031.1,Snowy
2025-09-21,264,9,0.3,70.3,16.6,1027.6,Cloudy
2025-09-22,265,9,20.8,66.3,3.3,1007.7,Sunny
2025-09-23,266,9,32.1,55.8,28.5,984.3,Rainy
2025-09-24,267,9,-3.2,31.8,7.7,1008.9,Cloudy
2025-09-25,268,9,30.9,53.8,17.6,996.0,Rainy
2025-09-26,269,9,0.1,59.5,0.7,1012.6,Foggy
2025-09-27,270,9,26.5,74.2,43.8,1013.1,Rainy
2025-09-28,271,9,5.4,73.3,9.7,1037.6,Sunny
2025-09-29,272,9,0.7,71.6,6.3,1004.5,Snowy
2025-09-30,273,9,10.2,72.0,3.4,1028.8,Snowy
2025-10-01,274,10,26.6,76.6,15.1,1016.4,Foggy
2025-10-02,275,10,17.8,24.2,42.6,1027.1,Sunny
2025-10-03,276,10,28.0,94.7,2.0,1021.2,Sunny
2025-10-04,277,10,-7.2,77.9,40.4,1049.8,Snowy
2025-10-05,278,10,22.0,39.1,31.2,1034.8,Foggy
2025-10-06,279,10,12.8,83.7,15.5,1008.6,Snowy
2025-10-07,280,10,32.5,75.6,49.9,979.4,Cloudy
2025-10-08,281,10,-2.5,79.8,36.0,956.3,Rainy
2025-10-09,282,10,1.2,93.0,45.1,1015.0,Snowy
2025-10-10,283,10,17.3,96.3,13.0,1019.4,Cloudy
2025-10-11,284,10,3.3,78.2,6.6,1037.8,Rainy
2025-10-12,285,10,26.5,42.7,25.7,987.1,Snowy
2025-10-13,286,10,20.0,84.9,47.2,962.9,Rainy
2025-10-14,287,10,23.5,64.6,12.3,992.7,Cloudy
2025-10-15,288,10,7.9,49.0,28.3,987.4,Snowy
2025-10-16,289,10,-5.7,36.3,30.3,979.7,Cloudy
2025-10-17,290,10,14.3,20.2,0.6,1019.6,Snowy
2025-10-18,291,10,4.3,49.9,48.6,983.7,Snowy
2025-10-19,292,10,11.8,46.6,43.0,1019.8,Rainy
2025-10-20,293,10,-4.0,69.9,39.0,952.6,Snowy
2025-10-21,294,10,-3.2,54.4,1.2,1004.7,Foggy
2025-10-22,295,10,13.5,46.5,26.2,997.4,Cloudy
2025-10-23,296,10,-8.5,71.4,31.9,996.1,Rainy
2025-10-24,297,10,34.3,49.7,20.6,1013.1,Sunny
2025-10-25,298,10,5.0,47.8,0.5,1010.4,Snowy
2025-10-26,299,10,24.2,85.1,28.8,1004.0,Cloudy
2025-10-27,300,10,-7.4,36.5,41.2,967.4,Rainy
2025-10-28,301,10,6.8,86.6,30.3,961.1,Foggy
2025-10-29,302,10,-9.0,62.8,12.9,1000.4,Foggy
2025-10-30,303,10,1.8,93.6,37.2,1009.7,Cloudy
2025-10-31,304,10,7.1,74.5,7.9,959.5,Sunny
2025-11-01,305,11,-3.9,27.6,2.6,951.3,Snowy
2025-11-02,306,11,17.0,56.0,6.1,974.5,Rainy
2025-11-03,307,11,8.7,97.3,36.2,987.0,Rainy
2025-11-04,308,11,26.9,52.8,16.0,954.7,Rainy
2025-11-05,309,11,5.0,61.3,13.9,954.0,Sunny
2025-11-06,310,11,-4.6,57.6,36.2,979.8,Sunny
2025-11-07,311,11,6.7,28.3,11.2,954.3,Cloudy
2025-11-08,312,11,4.2,80.3,9.9,962.3,Cloudy
2025-11-09,313,11,3.5,24.1,20.6,1019.7,Foggy
2025-11-10,314,11,32.8,86.4,5.6,989.0,Snowy
2025-11-11,315,11,22.5,60.1,46.4,1009.0,Foggy
2025-11-12,316,11,-4.5,73.0,30.3,973.8,Sunny
2025-11-13,317,11,26.8,88.5,39.5,1031.5,Snowy
2025-11-14,318,11,29.8,52.1,23.0,970.6,Foggy
2025-11-15,319,11,25.0,84.6,19.5,1031.4,Rainy
2025-11-16,320,11,1.4,52.4,34.7,1019.6,Cloudy
2025-11-17,321,11,17.4,44.0,23.8,1045.7,Rainy
2025-11-18,322,11,8.2,47.6,15.9,957.3,Foggy
2025-11-19,323,11,-7.0,40.8,15.0,1001.3,Sunny
2025-11-20,324,11,-2.2,26.6,8.1,961.0,Foggy
2025-11-21,325,11,4.1,42.0,11.7,984.9,Sunny
2025-11-22,326,11,13.5,30.4,44.1,974.6,Snowy
2025-11-23,327,11,7.5,80.9,12.2,969.5,Sunny
2025-11-24,328,11,2.3,37.9,7.8,1019.4,Rainy
2025-11-25,329,11,-2.1,73.0,11.5,1001.6,Foggy
2025-11-26,330,11,13.6,62.2,10.1,1044.3,Foggy
2025-11-27,331,11,25.0,27.2,23.6,1012.8,Foggy
2025-11-28,332,11,32.6,74.7,5.1,1002.0,Foggy
2025-11-29,333,11,20.2,65.8,12.1,1026.5,Snowy
2025-11-30,334,11,20.5,34.1,25.0,1034.6,Foggy
2025-12-01,335,12,-7.4,34.5,44.2,994.0,Snowy
2025-12-02,336,12,29.3,36.9,29.8,992.3,Foggy
2025-12-03,337,12,8.9,31.3,11.6,953.1,Cloudy
2025-12-04,338,12,12.2,39.1,49.0,958.5,Rainy
2025-12-05,339,12,5.1,53.0,5.3,991.9,Sunny
2025-12-06,340,12,32.9,92.1,1.8,974.9,Foggy
2025-12-07,341,12,-5.9,20.2,26.9,964.5,Sunny
2025-12-08,342,12,26.7,38.8,35.7,1019.8,Foggy
2025-12-09,343,12,34.5,49.9,0.8,967.7,Rainy
2025-12-10,344,12,25.5,41.7,0.4,1026.5,Cloudy
2025-12-11,345,12,7.6,45.8,18.3,955.8,Sunny
2025-12-12,346,12,8.8,40.5,24.3,968.5,Snowy
2025-12-13,347,12,-8.6,46.3,39.9,1017.8,Foggy
2025-12-14,348,12,5.0,57.1,10.4,973.3,Foggy
2025-12-15,349,12,20.0,22.2,13.9,969.1,Rainy
2025-12-16,350,12,6.7,46.6,17.2,1001.5,Cloudy
2025-12-17,351,12,-0.6,60.6,43.5,1039.8,Cloudy
2025-12-18,352,12,2.2,40.0,34.8,1021.1,Cloudy
2025-12-19,353,12,33.3,58.3,11.3,996.9,Foggy
2025-12-20,354,12,22.5,69.8,25.2,967.8,Rainy
2025-12-21,355,12,17.5,31.8,29.6,1025.0,Cloudy
2025-12-22,356,12,18.0,51.2,39.4,1028.4,Foggy
2025-12-23,357,12,21.1,24.0,40.9,982.1,Sunny
2025-12-24,358,12,3.1,52.3,28.1,1016.5,Cloudy
2025-12-25,359,12,-8.5,98.9,22.0,1034.8,Rainy
2025-12-26,360,12,-2.3,20.6,13.1,961.8,Snowy
2025-12-27,361,12,14.5,78.0,22.8,966.4,Snowy
2025-12-28,362,12,-2.4,43.0,48.1,1024.7,Sunny
2025-12-29,363,12,17.3,57.3,33.5,1049.5,Cloudy
2025-12-30,364,12,-4.5,38.0,1.2,992.1,Sunny
2025-12-31,365,12,26.0,82.7,41.8,1043.9,Foggy
2026-01-01,1,1,-6.7,75.3,34.0,1022.4,Cloudy
2026-01-02,2,1,9.7,58.1,41.3,1027.4,Rainy
2026-01-03,3,1,-2.0,51.9,41.0,1047.8,Foggy
2026-01-04,4,1,-6.3,21.7,5.4,1025.2,Snowy
2026-01-05,5,1,-0.9,82.7,24.9,996.2,Cloudy
2026-01-06,6,1,28.5,55.5,33.1,962.8,Sunny
2026-01-07,7,1,27.8,61.3,32.0,954.3,Sunny
2026-01-08,8,1,-3.7,59.9,42.2,950.0,Sunny
2026-01-09,9,1,34.8,51.4,14.4,985.9,Rainy
2026-01-10,10,1,15.5,75.4,46.8,1012.9,Foggy
2026-01-11,11,1,30.1,71.6,29.4,1019.5,Sunny
2026-01-12,12,1,21.7,75.1,23.8,1009.2,Cloudy
2026-01-13,13,1,15.9,23.5,31.7,990.7,Cloudy
2026-01-14,14,1,4.2,84.6,24.3,1038.5,Snowy
2026-01-15,15,1,22.1,84.2,12.7,1030.0,Snowy
2026-01-16,16,1,18.6,53.8,21.3,985.0,Cloudy
2026-01-17,17,1,27.2,77.9,0.4,977.8,Foggy
2026-01-18,18,1,5.4,95.7,26.6,1022.7,Sunny
2026-01-19,19,1,16.2,21.6,4.4,966.8,Foggy
2026-01-20,20,1,-8.2,23.3,48.3,986.9,Snowy
2026-01-21,21,1,-0.5,33.1,5.3,954.4,Sunny
2026-01-22,22,1,18.5,33.8,47.5,996.6,Rainy
2026-01-23,23,1,7.2,98.4,31.0,1009.4,Foggy
2026-01-24,24,1,-0.0,45.5,20.7,1031.9,Cloudy
2026-01-25,25,1,30.2,73.4,24.4,1042.8,Rainy
2026-01-26,26,1,33.6,22.5,34.7,1018.8,Snowy
2026-01-27,27,1,-7.3,55.6,11.9,968.7,Sunny
2026-01-28,28,1,20.1,68.2,21.9,1008.2,Cloudy
2026-01-29,29,1,29.3,82.4,5.3,1036.2,Sunny
2026-01-30,30,1,-4.4,51.1,31.0,982.5,Sunny
2026-01-31,31,1,23.1,88.1,40.0,1024.6,Rainy
2026-02-01,32,2,-0.2,85.7,2.3,989.8,Sunny
2026-02-02,33,2,32.1,30.1,9.2,986.3,Snowy
2026-02-03,34,2,-7.1,92.8,19.2,952.7,Snowy
2026-02-04,35,2,15.4,26.3,0.2,1012.3,Cloudy
2026-02-05,36,2,19.6,36.4,47.7,958.3,Sunny
2026-02-06,37,2,6.5,33.5,48.2,1045.7,Sunny
2026-02-07,38,2,6.8,93.3,27.7,1030.3,Rainy
2026-02-08,39,2,-3.5,74.5,27.0,1007.2,Sunny
2026-02-09,40,2,-1.3,30.7,48.3,968.5,Rainy
2026-02-10,41,2,26.2,60.7,1.6,1013.5,Sunny
2026-02-11,42,2,10.0,41.6,49.7,1036.5,Foggy
2026-02-12,43,2,26.3,86.8,27.1,1014.3,Snowy
2026-02-13,44,2,7.0,70.8,49.0,1020.9,Rainy
2026-02-14,45,2,27.4,60.5,44.5,976.2,Cloudy
2026-02-15,46,2,-5.9,72.5,2.6,1008.1,Foggy
2026-02-16,47,2,0.7,23.9,35.2,1039.2,Sunny
2026-02-17,48,2,25.9,27.9,10.8,988.3,Sunny
2026-02-18,49,2,26.5,58.9,44.6,970.1,Sunny
2026-02-19,50,2,23.7,80.3,2.8,965.5,Snowy
2026-02-20,51,2,13.2,70.7,49.0,987.2,Rainy
2026-02-21,52,2,7.4,64.0,20.2,1040.7,Snowy
2026-02-22,53,2,27.9,29.5,23.2,1040.8,Cloudy
2026-02-23,54,2,32.8,97.7,28.7,985.7,Sunny
2026-02-24,55,2,16.6,83.8,1.3,1011.5,Cloudy
2026-02-25,56,2,-9.8,72.2,19.5,1045.1,Rainy
2026-02-26,57,2,5.6,46.0,12.0,971.4,Cloudy
2026-02-27,58,2,-7.9,40.9,36.7,999.4,Sunny
2026-02-28,59,2,1.1,57.3,31.8,1049.1,Rainy
2026-03-01,60,3,32.0,88.4,22.0,1025.7,Cloudy
2026-03-02,61,3,22.4,21.3,32.2,977.5,Snowy
2026-03-03,62,3,28.8,71.9,19.5,1006.3,Snowy
2026-03-04,63,3,20.8,21.9,12.0,989.1,Snowy
2026-03-05,64,3,12.1,74.4,24.0,1031.8,Snowy
2026-03-06,65,3,25.7,34.4,25.6,959.3,Cloudy
2026-03-07,66,3,2.2,99.8,6.8,1010.2,Foggy
2026-03-08,67,3,0.2,24.2,12.5,970.4,Sunny
2026-03-09,68,3,9.8,72.2,7.1,1008.8,Rainy
2026-03-10,69,3,-3.4,86.3,44.4,1031.5,Sunny
2026-03-11,70,3,20.8,74.0,46.8,1017.4,Rainy
2026-03-12,71,3,-3.4,27.4,30.1,978.2,Cloudy
2026-03-13,72,3,23.4,73.7,15.3,991.7,Sunny
2026-03-14,73,3,1.8,86.3,6.1,1034.5,Snowy
2026-03-15,74,3,34.7,84.0,33.8,969.1,Sunny
2026-03-16,75,3,-3.6,93.4,34.7,1036.0,Foggy
2026-03-17,76,3,21.3,88.8,20.9,1031.6,Cloudy
2026-03-18,77,3,0.5,99.3,10.5,1034.5,Rainy
2026-03-19,78,3,32.1,75.7,36.9,997.7,Cloudy
2026-03-20,79,3,14.7,41.8,49.2,958.2,Sunny
2026-03-21,80,3,-4.1,45.5,37.6,982.1,Rainy
2026-03-22,81,3,6.7,77.3,42.4,1023.9,Rainy
2026-03-23,82,3,-2.6,56.7,7.7,1047.8,Rainy
2026-03-24,83,3,9.6,24.7,10.7,950.9,Cloudy
2026-03-25,84,3,7.4,44.8,38.8,968.4,Foggy
2026-03-26,85,3,27.5,37.6,27.2,1000.3,Snowy
2026-03-27,86,3,-0.7,95.2,22.1,967.3,Rainy
2026-03-28,87,3,21.2,28.6,45.6,960.0,Rainy
2026-03-29,88,3,20.0,55.2,17.9,955.8,Foggy
2026-03-30,89,3,4.2,43.8,2.3,1005.2,Foggy
2026-03-31,90,3,1.4,41.5,13.3,961.6,Rainy
2026-04-01,91,4,0.1,76.9,29.7,1045.4,Snowy
2026-04-02,92,4,14.6,76.1,43.2,1045.9,Cloudy
2026-04-03,93,4,22.2,58.8,2.1,1023.6,Snowy
2026-04-04,94,4,5.5,66.2,26.3,1021.8,Sunny
2026-04-05,95,4,33.7,65.8,0.1,1046.9,Foggy
2026-04-06,96,4,-6.7,85.6,5.0,983.8,Rainy
2026-04-07,97,4,-6.6,97.3,42.9,1018.3,Foggy
2026-04-08,98,4,19.1,71.1,31.8,1015.9,Rainy
2026-04-09,99,4,21.8,64.0,33.9,969.2,Rainy
2026-04-10,100,4,1.8,89.6,37.4,1025.3,Cloudy
2026-04-11,101,4,3.0,84.7,3.1,1007.0,Foggy
2026-04-12,102,4,31.8,25.6,3.0,979.7,Rainy
2026-04-13,103,4,28.4,33.9,3.3,960.7,Cloudy
2026-04-14,104,4,20.1,90.4,43.3,955.6,Sunny
2026-04-15,105,4,23.2,82.2,28.2,1004.1,Rainy
2026-04-16,106,4,12.4,23.9,42.2,972.8,Cloudy
2026-04-17,107,4,17.6,77.0,48.8,997.7,Foggy
2026-04-18,108,4,26.8,81.7,2.2,1043.2,Rainy
2026-04-19,109,4,11.4,64.9,4.1,1008.1,Rainy
2026-04-20,110,4,22.4,88.0,24.3,987.6,Rainy
2026-04-21,111,4,31.9,56.9,46.1,999.5,Cloudy
2026-04-22,112,4,30.0,25.6,43.2,1038.4,Foggy
2026-04-23,113,4,24.8,41.7,32.9,1025.7,Snowy
2026-04-24,114,4,21.6,20.7,23.8,973.1,Cloudy
2026-04-25,115,4,5.2,47.1,28.1,1007.0,Sunny
2026-04-26,116,4,1.3,76.7,4.1,981.5,Cloudy
2026-04-27,117,4,2.9,42.7,3.0,1011.7,Sunny
2026-04-28,118,4,7.6,76.3,47.8,965.9,Cloudy
2026-04-29,119,4,6.6,86.4,19.3,996.4,Sunny
2026-04-30,120,4,-6.9,45.3,23.7,995.5,Cloudy
2026-05-01,121,5,6.3,61.0,24.5,993.3,Foggy
2026-05-02,122,5,-9.8,74.4,4.3,976.3,Cloudy
2026-05-03,123,5,7.7,57.2,29.8,980.0,Cloudy
2026-05-04,124,5,32.8,44.9,23.4,1026.5,Sunny
2026-05-05,125,5,0.3,56.1,45.4,976.5,Snowy
2026-05-06,126,5,-2.9,97.2,17.3,952.0,Sunny
2026-05-07,127,5,29.5,54.6,16.1,980.5,Cloudy
2026-05-08,128,5,16.3,64.8,20.7,1019.7,Snowy
2026-05-09,129,5,4.8,77.0,16.6,1007.1,Foggy
2026-05-10,130,5,-3.7,94.6,33.1,981.5,Snowy
2026-05-11,131,5,-8.1,40.4,34.9,1039.0,Foggy
2026-05-12,132,5,23.4,71.7,1.0,951.0,Snowy
2026-05-13,133,5,32.4,47.2,39.5,1032.3,Cloudy
2026-05-14,134,5,15.7,43.9,14.7,987.9,Rainy
2026-05-15,135,5,15.3,42.0,4.9,1001.5,Rainy
2026-05-16,136,5,19.3,43.3,27.8,970.3,Snowy
2026-05-17,137,5,33.9,79.1,0.4,999.7,Snowy
2026-05-18,138,5,-9.4,78.8,7.0,958.4,Foggy
2026-05-19,139,5,-4.4,93.8,13.4,1015.5,Snowy
2026-05-20,140,5,25.2,58.0,19.1,1040.7,Cloudy
2026-05-21,141,5,1.6,43.8,18.2,964.0,Sunny
2026-05-22,142,5,7.8,61.4,24.0,994.0,Foggy
2026-05-23,143,5,32.4,33.7,12.3,1043.1,Snowy
2026-05-24,144,5,33.4,92.5,8.1,1002.7,Snowy
2026-05-25,145,5,-6.4,83.7,5.2,988.0,Snowy
2026-05-26,146,5,21.0,37.2,27.6,1043.8,Cloudy
2026-05-27,147,5,-6.0,56.1,13.5,953.4,Snowy
2026-05-28,148,5,20.4,27.8,9.1,1042.8,Rainy
2026-05-29,149,5,13.6,44.2,42.9,1004.0,Sunny
2026-05-30,150,5,7.5,65.1,9.7,984.3,Foggy
2026-05-31,151,5,32.6,91.6,44.6,983.1,Cloudy
2026-06-01,152,6,9.1,46.2,25.3,1031.7,Rainy
2026-06-02,153,6,17.1,56.5,10.9,952.0,Snowy
2026-06-03,154,6,-0.4,23.4,44.4,972.9,Foggy
2026-06-04,155,6,2.8,39.9,16.5,1023.6,Cloudy
2026-06-05,156,6,-5.5,48.6,27.0,981.3,Snowy
2026-06-06,157,6,34.3,32.4,48.3,957.4,Sunny
2026-06-07,158,6,-4.0,82.4,4.7,985.5,Cloudy
2026-06-08,159,6,25.2,81.1,33.3,1008.5,Rainy
2026-06-09,160,6,27.9,29.7,29.6,975.0,Snowy
2026-06-10,161,6,23.1,45.4,15.6,954.9,Cloudy
2026-06-11,162,6,30.8,43.6,11.2,990.8,Foggy
2026-06-12,163,6,5.9,60.8,10.8,1006.1,Foggy
2026-06-13,164,6,5.2,66.1,3.1,1044.7,Foggy
2026-06-14,165,6,29.7,58.6,16.4,1003.1,Snowy
2026-06-15,166,6,-9.9,31.1,20.0,976.8,Rainy
2026-06-16,167,6,11.7,81.3,25.8,954.3,Foggy
2026-06-17,168,6,-1.2,39.2,10.8,962.6,Foggy
2026-06-18,169,6,22.2,48.4,44.6,1024.8,Foggy
2026-06-19,170,6,15.4,52.3,11.3,957.2,Cloudy
2026-06-20,171,6,2.4,47.4,11.8,978.5,Snowy
2026-06-21,172,6,16.5,73.5,25.9,1007.2,Sunny
2026-06-22,173,6,13.0,73.7,36.1,1042.4,Cloudy
2026-06-23,174,6,15.4,33.9,29.4,1045.2,Sunny
2026-06-24,175,6,9.2,28.5,41.2,1003.8,Foggy
2026-06-25,176,6,9.3,66.9,27.0,967.3,Snowy
2026-06-26,177,6,21.7,67.9,36.3,1031.7,Rainy
2026-06-27,178,6,7.8,73.4,44.5,1031.9,Snowy
2026-06-28,179,6,8.2,58.9,38.2,979.9,Snowy
2026-06-29,180,6,23.3,64.8,37.3,1013.2,Cloudy
2026-06-30,181,6,7.0,74.4,4.0,1004.5,Rainy
2026-07-01,182,7,17.8,60.9,22.1,972.2,Cloudy
2026-07-02,183,7,17.9,49.1,34.5,964.4,Cloudy
2026-07-03,184,7,19.3,93.6,34.4,1022.3,Cloudy
2026-07-04,185,7,20.4,66.8,31.9,959.3,Snowy
2026-07-05,186,7,21.7,64.6,35.2,951.7,Sunny
2026-07-06,187,7,30.5,51.1,47.0,1042.6,Snowy
2026-07-07,188,7,15.3,37.6,6.4,984.8,Rainy
2026-07-08,189,7,14.7,61.0,31.3,952.7,Cloudy
2026-07-09,190,7,34.9,59.8,34.4,1021.0,Foggy
2026-07-10,191,7,24.6,44.5,24.4,1016.7,Rainy
2026-07-11,192,7,-6.6,34.0,26.9,951.5,Foggy
2026-07-12,193,7,27.3,95.8,8.0,1012.4,Rainy
2026-07-13,194,7,30.3,42.7,5.0,995.3,Cloudy
2026-07-14,195,7,32.2,41.9,34.6,990.1,Sunny
2026-07-15,196,7,-0.7,98.4,41.6,985.6,Rainy
2026-07-16,197,7,34.2,24.8,10.6,951.2,Rainy
2026-07-17,198,7,-5.5,88.1,9.3,1045.7,Cloudy
2026-07-18,199,7,31.4,31.0,32.1,1009.8,Sunny
2026-07-19,200,7,21.9,32.6,6.3,952.1,Rainy
2026-07-20,201,7,7.9,50.6,46.5,1009.0,Snowy
2026-07-21,202,7,13.0,70.7,38.1,977.4,Rainy
2026-07-22,203,7,26.6,99.6,39.1,990.4,Foggy
2026-07-23,204,7,10.0,58.9,5.3,996.2,Rainy
2026-07-24,205,7,-1.4,80.1,7.1,1029.1,Snowy
2026-07-25,206,7,21.6,36.7,17.8,981.2,Snowy
2026-07-26,207,7,31.8,64.9,6.3,1005.8,Rainy
2026-07-27,208,7,13.5,87.3,5.1,1033.7,Sunny
2026-07-28,209,7,-4.4,84.2,32.6,1014.1,Rainy
2026-07-29,210,7,-5.1,63.7,4.6,980.8,Sunny
2026-07-30,211,7,17.6,41.6,8.6,1025.9,Sunny
2026-07-31,212,7,33.8,79.3,19.6,982.5,Sunny
2026-08-01,213,8,-5.1,65.1,1.8,1005.6,Snowy
2026-08-02,214,8,-5.0,39.1,40.0,985.3,Foggy
2026-08-03,215,8,18.7,94.6,31.3,994.1,Foggy
2026-08-04,216,8,18.5,29.8,45.4,1002.2,Foggy
2026-08-05,217,8,18.5,90.4,48.8,978.8,Snowy
2026-08-06,218,8,12.2,95.6,10.3,1033.7,Cloudy
2026-08-07,219,8,32.1,51.1,40.9,953.5,Sunny
2026-08-08,220,8,29.6,69.3,23.0,1010.8,Cloudy
2026-08-09,221,8,16.8,25.4,37.4,1018.9,Rainy
2026-08-10,222,8,-1.6,44.3,10.5,979.8,Foggy
2026-08-11,223,8,2.6,43.1,5.1,1033.4,Rainy
2026-08-12,224,8,28.3,54.7,24.8,1027.3,Cloudy
2026-08-13,225,8,32.5,88.2,13.1,1026.7,Cloudy
2026-08-14,226,8,22.8,84.4,41.3,983.4,Rainy
2026-08-15,227,8,21.4,72.4,24.9,1026.7,Rainy
2026-08-16,228,8,0.8,76.1,34.2,1035.5,Rainy
2026-08-17,229,8,18.1,96.3,35.5,1047.7,Foggy
2026-08-18,230,8,-5.4,49.2,31.5,950.7,Sunny
2026-08-19,231,8,22.1,74.7,8.6,966.5,Sunny
2026-08-20,232,8,-6.6,51.5,0.1,1039.8,Cloudy
2026-08-21,233,8,27.5,38.1,10.9,995.2,Rainy
2026-08-22,234,8,16.0,81.2,46.0,989.4,Rainy
2026-08-23,235,8,19.4,63.5,35.7,1040.2,Foggy
2026-08-24,236,8,32.5,85.3,10.1,1016.5,Sunny
2026-08-25,237,8,17.4,90.5,17.9,1025.6,Rainy
2026-08-26,238,8,21.3,42.5,24.5,1036.4,Cloudy
2026-08-27,239,8,22.4,42.2,14.6,1001.2,Foggy
2026-08-28,240,8,33.4,60.5,48.4,978.4,Foggy
2026-08-29,241,8,29.1,87.1,14.9,1049.3,Rainy
2026-08-30,242,8,-0.7,62.2,31.8,1040.7,Snowy
2026-08-31,243,8,31.6,93.3,4.0,969.0,Sunny
2026-09-01,244,9,19.1,86.2,42.0,968.2,Rainy
2026-09-02,245,9,26.6,78.0,40.1,1022.5,Rainy
2026-09-03,246,9,34.3,29.4,2.9,1015.4,Foggy
2026-09-04,247,9,-8.2,31.1,32.3,1000.3,Cloudy
2026-09-05,248,9,12.0,80.2,14.6,1034.3,Cloudy
2026-09-06,249,9,-3.3,62.7,7.6,989.3,Snowy
2026-09-07,250,9,3.5,80.8,27.9,1028.6,Foggy
2026-09-08,251,9,12.0,81.2,9.1,989.8,Sunny
2026-09-09,252,9,30.5,23.0,31.5,971.9,Sunny
2026-09-10,253,9,33.6,62.3,22.7,964.9,Cloudy
2026-09-11,254,9,17.1,47.5,8.0,1019.8,Cloudy
2026-09-12,255,9,0.4,32.9,36.0,958.4,Sunny
2026-09-13,256,9,3.6,49.8,12.4,964.3,Sunny
2026-09-14,257,9,7.2,38.5,42.0,999.3,Rainy
2026-09-15,258,9,27.3,52.5,48.1,952.4,Snowy
2026-09-16,259,9,11.2,32.8,6.2,976.2,Rainy
2026-09-17,260,9,-3.7,43.9,5.3,992.6,Rainy
2026-09-18,261,9,5.7,56.4,40.9,986.9,Rainy
2026-09-19,262,9,11.3,37.6,7.6,1033.2,Rainy
2026-09-20,263,9,-2.8,98.8,5.8,975.8,Sunny
2026-09-21,264,9,16.4,25.0,35.3,1030.6,Rainy
2026-09-22,265,9,-1.0,75.9,24.1,950.7,Sunny
2026-09-23,266,9,19.5,20.0,32.6,1024.7,Cloudy
2026-09-24,267,9,-5.1,77.3,18.2,954.3,Rainy
2026-09-25,268,9,12.7,61.3,47.7,1037.5,Rainy
2026-09-26,269,9,34.1,47.3,16.1,979.1,Rainy
2026-09-27,270,9,25.3,42.1,40.8,1047.2,Sunny
2026-09-28,271,9,26.4,22.5,45.2,1014.1,Foggy
2026-09-29,272,9,13.4,74.0,41.5,967.6,Snowy
2026-09-30,273,9,-0.3,89.7,42.3,1035.3,Foggy
2026-10-01,274,10,6.6,47.4,22.3,1000.3,Foggy
2026-10-02,275,10,1.0,94.1,44.0,1030.6,Cloudy
2026-10-03,276,10,9.9,91.0,37.0,990.5,Snowy
2026-10-04,277,10,23.8,74.9,44.1,955.2,Snowy
2026-10-05,278,10,17.8,23.2,1.6,960.2,Foggy
2026-10-06,279,10,13.8,21.8,40.0,1022.7,Cloudy
2026-10-07,280,10,16.1,29.0,26.4,963.2,Cloudy
2026-10-08,281,10,20.0,31.1,21.1,954.7,Sunny
2026-10-09,282,10,5.0,53.5,38.0,1004.3,Sunny
2026-10-10,283,10,22.6,83.7,17.2,1043.6,Sunny
2026-10-11,284,10,12.2,62.4,10.1,1011.8,Sunny
2026-10-12,285,10,16.2,31.3,45.0,1043.9,Snowy
2026-10-13,286,10,-7.7,34.4,28.3,952.8,Rainy
2026-10-14,287,10,23.3,22.5,9.3,975.4,Sunny
2026-10-15,288,10,14.8,79.7,49.6,958.1,Snowy
2026-10-16,289,10,6.4,50.8,33.3,1040.6,Snowy
2026-10-17,290,10,-2.6,85.1,13.1,1004.7,Foggy
2026-10-18,291,10,34.3,65.2,36.8,1008.7,Rainy
2026-10-19,292,10,-3.3,62.8,36.2,988.5,Snowy
2026-10-20,293,10,20.7,91.4,33.2,978.1,Rainy
2026-10-21,294,10,2.1,32.4,5.3,1041.5,Snowy
2026-10-22,295,10,3.8,22.5,41.9,1020.2,Foggy
2026-10-23,296,10,26.4,71.7,15.7,981.9,Cloudy
2026-10-24,297,10,1.5,70.7,32.5,1047.8,Sunny
2026-10-25,298,10,34.5,58.3,17.8,1048.7,Sunny
2026-10-26,299,10,29.0,65.9,28.8,1047.5,Snowy
2026-10-27,300,10,12.9,45.2,6.0,1043.8,Foggy
2026-10-28,301,10,2.2,28.4,35.9,1019.8,Rainy
2026-10-29,302,10,21.3,82.7,8.5,984.8,Snowy
2026-10-30,303,10,25.0,62.3,8.9,1000.5,Sunny
2026-10-31,304,10,33.2,81.4,39.0,1044.5,Rainy
2026-11-01,305,11,31.7,36.5,39.0,953.0,Rainy
2026-11-02,306,11,29.9,70.5,6.8,1026.5,Foggy
2026-11-03,307,11,33.5,77.7,39.5,1004.2,Sunny
2026-11-04,308,11,17.3,62.6,43.0,986.8,Rainy
2026-11-05,309,11,-4.7,74.4,31.6,1008.6,Snowy
2026-11-06,310,11,-5.8,26.7,15.2,995.3,Foggy
2026-11-07,311,11,13.4,55.2,6.9,976.0,Sunny
2026-11-08,312,11,7.8,34.5,25.1,985.4,Cloudy
2026-11-09,313,11,19.7,36.3,29.0,959.6,Snowy
2026-11-10,314,11,0.5,94.0,1.6,963.7,Sunny
2026-11-11,315,11,1.1,61.3,23.5,978.3,Rainy
2026-11-12,316,11,-5.3,60.5,20.2,1003.7,Foggy
2026-11-13,317,11,-5.9,34.9,23.4,1005.2,Cloudy
2026-11-14,318,11,-6.9,90.8,46.9,1017.8,Rainy
2026-11-15,319,11,4.9,73.6,39.1,1029.6,Snowy
2026-11-16,320,11,28.0,71.3,41.4,1005.2,Snowy
2026-11-17,321,11,27.3,96.2,21.4,1029.2,Sunny
2026-11-18,322,11,21.3,64.7,48.2,1026.0,Snowy
2026-11-19,323,11,-7.3,85.2,27.6,1024.9,Sunny
2026-11-20,324,11,3.9,41.4,39.8,962.6,Rainy
2026-11-21,325,11,34.0,40.3,11.2,961.7,Cloudy
2026-11-22,326,11,14.6,20.5,37.5,1010.7,Rainy
2026-11-23,327,11,24.5,84.1,29.7,1041.8,Snowy
2026-11-24,328,11,0.6,45.6,35.4,1028.7,Snowy
2026-11-25,329,11,11.1,33.3,32.6,988.3,Snowy
2026-11-26,330,11,20.7,77.4,28.1,1046.5,Foggy
2026-11-27,331,11,27.4,37.0,45.0,1032.2,Snowy
2026-11-28,332,11,6.2,72.5,8.1,1047.7,Snowy
2026-11-29,333,11,13.5,67.0,28.7,1005.8,Cloudy
2026-11-30,334,11,15.8,84.4,10.2,952.7,Rainy
2026-12-01,335,12,24.9,61.6,5.3,980.0,Sunny
2026-12-02,336,12,32.0,35.6,41.1,973.4,Foggy
2026-12-03,337,12,10.8,95.2,44.4,1045.0,Sunny
2026-12-04,338,12,-2.4,82.4,48.5,970.8,Rainy
2026-12-05,339,12,-4.7,94.8,9.6,999.9,Sunny
2026-12-06,340,12,19.0,59.1,27.6,972.6,Snowy
2026-12-07,341,12,7.2,20.5,18.2,1018.5,Snowy
2026-12-08,342,12,-1.7,84.2,15.5,975.1,Rainy
2026-12-09,343,12,11.4,61.5,35.6,1016.9,Sunny
2026-12-10,344,12,29.2,77.2,22.1,965.7,Sunny
2026-12-11,345,12,33.1,61.4,7.7,979.2,Foggy
2026-12-12,346,12,27.9,69.1,39.8,1014.6,Rainy
2026-12-13,347,12,-4.7,38.5,35.9,1040.1,Sunny
2026-12-14,348,12,-8.8,31.3,26.6,999.9,Cloudy
2026-12-15,349,12,4.9,31.4,40.0,1046.2,Cloudy
2026-12-16,350,12,4.3,78.0,41.9,984.0,Cloudy
2026-12-17,351,12,-8.2,57.1,40.5,970.5,Sunny
2026-12-18,352,12,-3.0,70.2,28.4,1047.0,Cloudy
2026-12-19,353,12,-0.1,38.6,38.6,1000.3,Foggy
2026-12-20,354,12,22.3,92.7,44.2,1003.1,Snowy
2026-12-21,355,12,11.6,61.7,21.0,958.8,Cloudy
2026-12-22,356,12,25.2,94.6,36.4,1023.2,Rainy
2026-12-23,357,12,18.9,81.8,35.3,1018.4,Foggy
2026-12-24,358,12,6.0,85.9,36.0,1046.1,Rainy
2026-12-25,359,12,17.8,82.2,4.3,972.3,Cloudy
2026-12-26,360,12,12.4,70.2,23.3,983.0,Snowy
2026-12-27,361,12,-5.4,36.2,27.6,1001.7,Rainy
2026-12-28,362,12,33.3,31.1,20.4,1001.9,Rainy
2026-12-29,363,12,28.2,54.5,49.7,958.0,Sunny
2026-12-30,364,12,21.6,35.5,13.6,1014.8,Cloudy
2026-12-31,365,12,22.3,79.4,47.8,982.2,Rainy
2027-01-01,1,1,-10.0,66.5,23.7,991.3,Sunny
2027-01-02,2,1,1.6,28.6,46.3,1030.5,Foggy
2027-01-03,3,1,16.4,93.3,28.8,1014.6,Rainy
2027-01-04,4,1,34.0,49.7,44.4,959.6,Cloudy
2027-01-05,5,1,-7.1,52.9,20.8,969.5,Rainy
2027-01-06,6,1,20.0,51.3,25.2,964.8,Cloudy
2027-01-07,7,1,7.8,90.1,32.8,1040.5,Cloudy
2027-01-08,8,1,32.2,30.7,0.8,1044.4,Sunny
2027-01-09,9,1,32.4,61.3,40.0,963.8,Foggy
2027-01-10,10,1,2.7,35.9,47.6,959.6,Foggy
2027-01-11,11,1,4.8,64.3,49.2,1005.0,Rainy
2027-01-12,12,1,5.5,52.9,26.8,1038.1,Snowy
2027-01-13,13,1,-7.2,87.3,43.0,1036.5,Sunny
2027-01-14,14,1,23.3,36.1,40.0,979.6,Sunny
2027-01-15,15,1,25.2,39.7,22.8,978.1,Rainy
2027-01-16,16,1,1.0,57.1,48.7,1007.0,Cloudy
2027-01-17,17,1,4.1,51.2,17.6,1012.5,Sunny
2027-01-18,18,1,-3.6,97.2,43.2,1034.8,Snowy
2027-01-19,19,1,27.2,78.0,31.6,1043.2,Cloudy
2027-01-20,20,1,-5.7,20.5,22.5,1043.0,Rainy
2027-01-21,21,1,21.1,59.1,40.2,1004.8,Foggy
2027-01-22,22,1,-9.8,81.9,39.3,1014.3,Rainy
2027-01-23,23,1,25.4,91.8,43.7,1012.3,Rainy
2027-01-24,24,1,25.1,72.0,28.9,1004.6,Snowy
2027-01-25,25,1,8.2,35.4,48.7,1004.5,Foggy
2027-01-26,26,1,6.1,60.1,4.9,998.0,Snowy
2027-01-27,27,1,0.4,81.6,22.5,979.6,Rainy
2027-01-28,28,1,31.9,56.4,33.4,1009.4,Snowy
2027-01-29,29,1,8.8,51.3,9.4,1016.3,Snowy
2027-01-30,30,1,3.4,20.6,46.9,973.7,Foggy
2027-01-31,31,1,-2.0,90.0,8.7,1043.3,Cloudy
2027-02-01,32,2,16.2,86.9,41.6,987.3,Sunny
2027-02-02,33,2,-0.3,24.9,38.3,998.9,Snowy
2027-02-03,34,2,-0.5,66.9,23.6,966.4,Snowy
2027-02-04,35,2,-1.0,63.4,25.9,1029.3,Sunny
2027-02-05,36,2,23.7,85.0,31.6,1013.6,Cloudy
2027-02-06,37,2,12.5,83.8,41.2,989.7,Sunny
2027-02-07,38,2,13.8,93.4,18.2,963.6,Foggy
2027-02-08,39,2,34.3,78.3,41.9,1041.0,Foggy
2027-02-09,40,2,-8.2,20.0,37.8,1020.8,Foggy
2027-02-10,41,2,26.6,38.1,12.3,1000.0,Sunny
2027-02-11,42,2,5.3,99.3,5.5,1035.3,Sunny
2027-02-12,43,2,16.5,94.3,8.2,993.3,Cloudy
2027-02-13,44,2,17.4,25.1,48.1,1043.9,Rainy
2027-02-14,45,2,-5.9,94.9,17.3,982.7,Foggy
2027-02-15,46,2,-1.7,74.8,25.6,1004.2,Cloudy
2027-02-16,47,2,-4.6,91.6,5.4,1042.8,Foggy
2027-02-17,48,2,11.0,30.0,34.6,998.1,Snowy
2027-02-18,49,2,15.8,40.3,7.2,1015.1,Rainy
2027-02-19,50,2,11.2,65.9,16.9,1026.3,Cloudy
2027-02-20,51,2,21.1,90.0,18.2,1000.3,Rainy
2027-02-21,52,2,19.9,36.7,34.3,980.1,Rainy
2027-02-22,53,2,5.7,84.1,6.7,983.5,Snowy
2027-02-23,54,2,0.3,81.8,43.1,983.2,Sunny
2027-02-24,55,2,31.9,61.7,0.1,978.7,Sunny
2027-02-25,56,2,-7.6,87.3,6.4,1014.7,Rainy
2027-02-26,57,2,15.0,44.6,12.4,996.5,Rainy
2027-02-27,58,2,-7.0,22.0,10.3,1031.4,Cloudy
2027-02-28,59,2,-0.7,80.2,13.3,1032.0,Sunny
2027-03-01,60,3,-4.3,27.4,7.2,975.8,Cloudy
2027-03-02,61,3,-4.4,56.8,26.8,970.4,Sunny
2027-03-03,62,3,17.4,77.2,29.9,976.8,Rainy
2027-03-04,63,3,24.1,99.9,41.5,1036.0,Rainy
2027-03-05,64,3,24.5,24.4,19.8,1018.9,Snowy
2027-03-06,65,3,21.4,88.3,2.0,1048.2,Snowy
2027-03-07,66,3,12.4,28.4,18.1,1036.1,Foggy
2027-03-08,67,3,12.7,87.2,0.9,983.7,Foggy
2027-03-09,68,3,0.8,21.0,2.2,1023.9,Cloudy
2027-03-10,69,3,20.5,67.1,47.7,1023.4,Snowy
2027-03-11,70,3,26.1,26.9,36.6,971.8,Foggy
2027-03-12,71,3,16.3,33.2,14.6,1030.1,Sunny
2027-03-13,72,3,33.5,99.5,23.1,1025.9,Sunny
2027-03-14,73,3,13.2,36.4,8.0,982.7,Foggy
2027-03-15,74,3,15.0,87.9,49.6,976.4,Rainy
2027-03-16,75,3,7.3,27.2,13.7,1024.6,Snowy
2027-03-17,76,3,25.5,95.9,12.5,995.7,Foggy
2027-03-18,77,3,4.6,42.5,23.7,955.7,Foggy
2027-03-19,78,3,5.1,32.8,8.1,983.3,Sunny
2027-03-20,79,3,14.3,76.6,14.8,981.6,Sunny
2027-03-21,80,3,-5.3,34.5,1.3,978.4,Foggy
2027-03-22,81,3,27.4,65.2,45.3,1005.5,Foggy
2027-03-23,82,3,18.2,59.9,48.9,1000.5,Cloudy
2027-03-24,83,3,23.1,47.2,2.4,1005.3,Cloudy
2027-03-25,84,3,-0.6,63.4,23.2,956.3,Foggy
2027-03-26,85,3,23.7,79.3,35.9,1015.9,Foggy
2027-03-27,86,3,30.9,23.5,22.5,1005.5,Rainy
2027-03-28,87,3,24.9,86.6,33.9,967.7,Cloudy
2027-03-29,88,3,30.8,29.4,19.7,1016.2,Sunny
2027-03-30,89,3,23.2,82.8,29.9,970.2,Foggy
2027-03-31,90,3,32.0,42.9,41.3,1029.3,Rainy
2027-04-01,91,4,8.4,57.6,20.4,985.9,Foggy
2027-04-02,92,4,-9.3,64.0,12.1,960.8,Foggy
2027-04-03,93,4,-0.6,59.4,41.8,1048.1,Snowy
2027-04-04,94,4,30.1,26.6,30.4,1043.4,Sunny
2027-04-05,95,4,12.3,85.3,19.0,1046.8,Cloudy
2027-04-06,96,4,0.7,28.1,40.1,991.2,Foggy
2027-04-07,97,4,28.0,29.7,24.5,1035.3,Foggy
2027-04-08,98,4,34.7,90.9,21.3,972.5,Snowy
2027-04-09,99,4,1.8,85.9,39.7,1020.5,Snowy
2027-04-10,100,4,4.2,65.5,30.1,1038.1,Foggy
2027-04-11,101,4,32.2,95.8,12.9,1037.3,Snowy
2027-04-12,102,4,18.1,83.1,37.6,1014.2,Foggy
2027-04-13,103,4,21.7,81.9,34.3,951.0,Cloudy
2027-04-14,104,4,30.9,46.1,47.0,984.8,Snowy
2027-04-15,105,4,0.1,98.4,16.0,1016.6,Rainy
2027-04-16,106,4,30.6,81.8,18.4,1021.0,Foggy
2027-04-17,107,4,1.3,91.2,34.1,968.9,Sunny
2027-04-18,108,4,32.5,21.5,1.8,972.9,Cloudy
2027-04-19,109,4,26.2,77.4,36.3,1032.4,Foggy
2027-04-20,110,4,4.3,23.3,26.9,1033.8,Cloudy
2027-04-21,111,4,8.8,50.2,31.8,1008.4,Sunny
2027-04-22,112,4,16.2,25.2,48.7,1025.8,Sunny
2027-04-23,113,4,-7.9,49.0,10.8,962.6,Snowy
2027-04-24,114,4,6.8,91.8,21.3,951.6,Rainy
2027-04-25,115,4,7.7,31.8,8.2,969.2,Snowy
2027-04-26,116,4,13.8,92.8,2.4,962.3,Rainy
2027-04-27,117,4,9.2,34.6,26.7,1028.7,Snowy
2027-04-28,118,4,3.0,37.8,1.2,979.8,Sunny
2027-04-29,119,4,-3.6,96.7,45.5,998.5,Foggy
2027-04-30,120,4,25.2,83.9,30.0,986.3,Foggy
2027-05-01,121,5,-4.0,41.7,24.5,953.4,Snowy
2027-05-02,122,5,3.4,66.8,24.8,1023.9,Cloudy
2027-05-03,123,5,0.2,37.4,27.9,975.5,Cloudy
2027-05-04,124,5,2.5,87.9,41.4,988.5,Sunny
2027-05-05,125,5,26.3,45.9,14.8,1012.7,Rainy
2027-05-06,126,5,32.5,89.7,34.2,996.8,Snowy
2027-05-07,127,5,31.2,75.5,30.9,953.0,Sunny
2027-05-08,128,5,26.7,86.3,20.8,967.6,Cloudy
2027-05-09,129,5,-4.7,45.6,21.9,1030.2,Foggy
2027-05-10,130,5,-6.6,93.2,40.4,977.9,Rainy
2027-05-11,131,5,22.4,79.4,32.8,1048.2,Rainy
2027-05-12,132,5,26.6,98.2,10.1,1039.6,Rainy
2027-05-13,133,5,29.8,23.9,18.3,1032.3,Rainy
2027-05-14,134,5,-3.4,85.9,9.7,996.3,Rainy
2027-05-15,135,5,-6.0,45.1,8.3,1019.7,Sunny
2027-05-16,136,5,-6.3,79.5,16.0,1008.6,Foggy
2027-05-17,137,5,-3.3,80.1,16.5,991.7,Snowy
2027-05-18,138,5,29.6,68.5,29.4,999.0,Rainy
2027-05-19,139,5,22.4,57.8,21.6,958.0,Snowy
2027-05-20,140,5,8.1,36.5,39.3,1006.9,Sunny
2027-05-21,141,5,1.6,48.7,15.1,1041.0,Foggy
2027-05-22,142,5,1.3,37.9,0.8,965.2,Rainy
2027-05-23,143,5,-4.0,63.3,7.8,960.6,Foggy
2027-05-24,144,5,7.1,49.4,7.7,991.8,Snowy
2027-05-25,145,5,20.8,82.7,35.1,955.9,Cloudy
2027-05-26,146,5,25.1,40.3,27.4,1029.5,Sunny
2027-05-27,147,5,11.3,62.3,43.4,987.7,Snowy
2027-05-28,148,5,-6.5,28.5,31.0,990.9,Cloudy
2027-05-29,149,5,18.8,48.7,9.9,979.7,Rainy
2027-05-30,150,5,-2.5,97.1,10.2,1030.5,Snowy
2027-05-31,151,5,30.2,37.8,2.6,1049.3,Cloudy
2027-06-01,152,6,1.6,65.9,28.7,1023.1,Foggy
2027-06-02,153,6,4.8,70.4,24.4,1027.6,Rainy
2027-06-03,154,6,7.2,93.7,6.5,1014.6,Snowy
2027-06-04,155,6,-8.5,48.9,28.3,1014.6,Sunny
2027-06-05,156,6,-0.0,34.3,32.8,1013.9,Foggy
2027-06-06,157,6,6.5,26.9,6.1,1015.3,Rainy
2027-06-07,158,6,12.9,54.5,14.2,965.9,Snowy
2027-06-08,159,6,5.5,91.7,5.6,954.7,Sunny
2027-06-09,160,6,6.3,52.2,44.4,987.4,Sunny
2027-06-10,161,6,6.0,52.9,35.0,1036.2,Sunny
2027-06-11,162,6,-8.1,98.0,3.8,1047.6,Rainy
2027-06-12,163,6,28.7,45.1,7.2,950.7,Cloudy
2027-06-13,164,6,31.7,30.2,47.9,1005.3,Rainy
2027-06-14,165,6,10.7,31.4,39.0,1041.4,Sunny
2027-06-15,166,6,20.3,50.4,21.2,981.5,Rainy
2027-06-16,167,6,-0.6,67.4,46.4,1043.0,Foggy
2027-06-17,168,6,31.2,66.0,33.2,951.6,Snowy
2027-06-18,169,6,14.1,89.5,9.4,965.2,Snowy
2027-06-19,170,6,-1.4,67.9,44.5,984.9,Snowy
2027-06-20,171,6,33.5,74.0,13.2,967.7,Rainy
2027-06-21,172,6,17.4,48.4,47.4,979.5,Rainy
2027-06-22,173,6,1.4,77.8,49.9,963.7,Cloudy
2027-06-23,174,6,28.5,40.4,18.9,988.3,Foggy
2027-06-24,175,6,25.4,91.7,0.9,1029.6,Foggy
2027-06-25,176,6,28.4,68.9,25.7,990.0,Snowy
2027-06-26,177,6,-2.4,73.5,26.1,1008.9,Cloudy
2027-06-27,178,6,21.8,48.7,41.5,951.1,Rainy
2027-06-28,179,6,9.3,99.2,31.7,1015.5,Snowy
2027-06-29,180,6,3.5,59.8,19.9,990.6,Sunny
2027-06-30,181,6,18.3,51.8,45.2,1041.2,Sunny
2027-07-01,182,7,28.8,55.8,6.2,991.7,Rainy
2027-07-02,183,7,1.5,70.2,23.8,1012.4,Sunny
2027-07-03,184,7,25.7,72.2,25.3,976.7,Rainy
2027-07-04,185,7,34.5,87.1,2.3,998.6,Snowy
2027-07-05,186,7,28.1,59.3,3.4,1008.9,Foggy
2027-07-06,187,7,-6.4,73.7,27.4,1045.8,Cloudy
2027-07-07,188,7,22.5,38.8,8.5,969.5,Foggy
2027-07-08,189,7,30.2,51.9,43.0,1048.5,Snowy
2027-07-09,190,7,-8.7,49.9,18.8,1034.6,Sunny
2027-07-10,191,7,25.6,76.9,34.9,962.1,Sunny
2027-07-11,192,7,-1.3,50.7,37.5,975.6,Snowy
2027-07-12,193,7,7.4,53.4,33.2,955.2,Sunny
2027-07-13,194,7,5.3,44.9,5.0,1037.8,Cloudy
2027-07-14,195,7,5.5,29.2,45.6,977.8,Foggy
2027-07-15,196,7,18.0,44.9,24.6,969.7,Snowy
2027-07-16,197,7,14.1,53.7,23.7,967.3,Snowy
2027-07-17,198,7,21.0,28.5,26.5,1026.4,Snowy
2027-07-18,199,7,-1.2,50.2,33.7,1013.3,Cloudy
2027-07-19,200,7,7.3,56.5,23.7,990.3,Rainy
2027-07-20,201,7,-8.7,29.9,11.8,1048.1,Rainy
2027-07-21,202,7,-9.0,98.6,38.3,1002.9,Rainy
2027-07-22,203,7,-4.4,99.7,40.0,991.9,Rainy
2027-07-23,204,7,16.3,70.2,12.3,1040.1,Foggy
2027-07-24,205,7,17.8,86.6,45.0,951.1,Rainy
2027-07-25,206,7,15.8,55.1,5.6,992.9,Sunny
2027-07-26,207,7,7.0,35.5,15.5,1038.9,Sunny
2027-07-27,208,7,22.1,34.0,21.6,1031.8,Snowy
2027-07-28,209,7,32.4,72.2,12.0,1042.4,Rainy
2027-07-29,210,7,-8.5,78.2,0.8,991.4,Cloudy
2027-07-30,211,7,1.8,93.5,34.1,974.3,Snowy
2027-07-31,212,7,30.0,78.9,26.7,982.3,Sunny
2027-08-01,213,8,29.2,89.6,38.9,965.5,Rainy
2027-08-02,214,8,16.8,73.3,42.0,978.7,Cloudy
2027-08-03,215,8,31.9,33.2,10.0,957.5,Cloudy
2027-08-04,216,8,2.5,85.1,47.9,965.2,Sunny
2027-08-05,217,8,19.1,31.6,28.1,1021.0,Rainy
2027-08-06,218,8,10.0,83.7,31.2,1039.0,Foggy
2027-08-07,219,8,2.3,51.9,49.3,982.7,Cloudy
2027-08-08,220,8,0.5,26.4,0.7,964.4,Foggy
2027-08-09,221,8,20.9,65.0,29.3,1035.9,Sunny
2027-08-10,222,8,-5.2,93.4,2.9,982.9,Cloudy
2027-08-11,223,8,29.7,60.2,38.4,1006.0,Rainy
2027-08-12,224,8,-2.4,29.8,42.4,997.5,Sunny
2027-08-13,225,8,-6.3,63.4,43.2,977.5,Rainy
2027-08-14,226,8,6.3,27.9,28.8,1045.2,Foggy
2027-08-15,227,8,17.6,25.9,38.6,1006.9,Snowy
2027-08-16,228,8,1.7,41.6,23.9,1009.0,Sunny
2027-08-17,229,8,4.0,88.6,22.9,1049.8,Foggy
2027-08-18,230,8,21.9,69.3,21.1,971.9,Cloudy
2027-08-19,231,8,-7.1,70.8,22.4,999.8,Snowy
2027-08-20,232,8,19.2,62.0,32.6,1046.4,Snowy
2027-08-21,233,8,19.0,37.1,43.6,966.3,Cloudy
2027-08-22,234,8,16.8,38.4,7.0,1000.5,Sunny
2027-08-23,235,8,27.4,53.4,45.2,998.1,Cloudy
2027-08-24,236,8,21.4,87.4,6.5,975.2,Cloudy
2027-08-25,237,8,15.5,62.1,8.1,995.4,Snowy
2027-08-26,238,8,19.7,39.5,27.6,1018.5,Cloudy
2027-08-27,239,8,12.7,31.8,38.7,1012.4,Cloudy
2027-08-28,240,8,12.1,46.4,23.6,967.6,Rainy
2027-08-29,241,8,20.0,27.5,42.7,1029.1,Snowy
2027-08-30,242,8,2.9,68.8,42.8,1010.6,Foggy
2027-08-31,243,8,-7.3,94.4,49.6,1034.5,Cloudy
2027-09-01,244,9,26.0,65.6,4.0,992.0,Snowy
2027-09-02,245,9,8.8,41.8,49.5,983.3,Sunny
2027-09-03,246,9,13.9,67.8,48.1,1024.0,Cloudy
2027-09-04,247,9,14.2,22.9,12.0,987.0,Cloudy
2027-09-05,248,9,33.6,87.3,31.4,1013.6,Snowy
2027-09-06,249,9,28.9,54.5,25.2,990.9,Cloudy
2027-09-07,250,9,-2.7,73.0,36.8,985.8,Snowy
2027-09-08,251,9,-7.1,25.1,38.0,1020.5,Snowy
2027-09-09,252,9,3.1,96.4,12.0,966.8,Foggy
2027-09-10,253,9,28.1,97.8,8.7,1012.9,Snowy
2027-09-11,254,9,10.5,48.2,22.2,1028.5,Sunny
2027-09-12,255,9,-7.9,29.0,4.4,950.0,Snowy
2027-09-13,256,9,-2.2,38.8,35.2,967.3,Snowy
2027-09-14,257,9,3.1,74.5,6.3,1025.4,Sunny
2027-09-15,258,9,19.0,32.1,30.8,1044.3,Cloudy
2027-09-16,259,9,-2.5,47.2,30.4,1030.2,Snowy
2027-09-17,260,9,33.5,47.6,43.1,1038.6,Cloudy
2027-09-18,261,9,34.0,97.9,44.7,997.4,Cloudy
2027-09-19,262,9,32.6,60.1,2.8,968.4,Sunny
2027-09-20,263,9,2.5,76.3,5.0,996.8,Rainy
2027-09-21,264,9,12.8,57.3,34.0,978.2,Rainy
2027-09-22,265,9,30.6,22.9,19.7,974.5,Foggy
2027-09-23,266,9,8.2,99.7,30.1,990.0,Sunny
2027-09-24,267,9,-6.9,68.4,10.4,963.5,Snowy
2027-09-25,268,9,25.3,40.4,7.2,993.7,Rainy
2027-09-26,269,9,4.4,86.2,8.8,989.1,Cloudy
2027-09-27,270,9,15.5,43.2,0.6,978.6,Rainy
2027-09-28,271,9,6.7,79.6,10.2,958.1,Snowy
2027-09-29,272,9,0.4,97.1,38.4,1046.2,Rainy
2027-09-30,273,9,19.7,59.3,38.6,1040.1,Foggy
2027-10-01,274,10,0.2,91.0,33.1,985.8,Cloudy
2027-10-02,275,10,33.6,23.1,46.8,998.9,Rainy
2027-10-03,276,10,21.5,29.4,6.5,1013.5,Snowy
2027-10-04,277,10,-6.8,75.4,21.3,960.9,Sunny
2027-10-05,278,10,24.7,21.8,0.5,1030.0,Rainy
2027-10-06,279,10,25.0,65.8,35.6,998.4,Cloudy
2027-10-07,280,10,19.7,84.4,42.0,1006.2,Sunny
2027-10-08,281,10,-1.0,46.6,29.7,1013.4,Snowy
2027-10-09,282,10,30.1,84.0,31.2,951.6,Snowy
2027-10-10,283,10,22.9,42.1,36.7,1038.0,Sunny
2027-10-11,284,10,6.9,61.4,15.6,977.1,Snowy
2027-10-12,285,10,-7.4,68.2,35.1,956.4,Cloudy
2027-10-13,286,10,3.5,46.0,13.1,1044.3,Sunny
2027-10-14,287,10,16.4,71.6,42.0,1020.2,Rainy
2027-10-15,288,10,26.9,61.9,13.3,972.3,Foggy
2027-10-16,289,10,31.8,53.5,16.6,996.5,Cloudy
2027-10-17,290,10,-3.9,85.5,29.5,1030.6,Cloudy
2027-10-18,291,10,-6.1,72.0,19.2,997.9,Sunny
2027-10-19,292,10,17.5,29.3,35.5,1049.8,Snowy
2027-10-20,293,10,7.4,82.1,30.9,965.7,Sunny
2027-10-21,294,10,22.1,31.6,48.4,975.4,Rainy
2027-10-22,295,10,19.2,28.7,34.9,999.2,Sunny
2027-10-23,296,10,26.4,77.0,10.5,1047.8,Cloudy
2027-10-24,297,10,-0.6,26.0,18.9,962.8,Rainy
2027-10-25,298,10,29.6,84.5,44.8,1031.1,Rainy
2027-10-26,299,10,-4.0,63.1,39.5,974.4,Snowy
2027-10-27,300,10,27.8,21.6,48.1,1030.9,Foggy
2027-10-28,301,10,-5.9,79.0,31.9,961.2,Snowy
2027-10-29,302,10,5.4,80.1,3.2,951.2,Cloudy
2027-10-30,303,10,14.7,93.9,41.2,1035.8,Foggy
2027-10-31,304,10,16.0,83.7,36.9,1025.9,Foggy
2027-11-01,305,11,28.3,53.3,27.9,953.0,Rainy
2027-11-02,306,11,6.3,37.9,34.5,1010.4,Cloudy
2027-11-03,307,11,7.0,50.0,48.3,966.8,Foggy
2027-11-04,308,11,14.0,70.4,2.7,1025.7,Rainy
2027-11-05,309,11,9.9,54.2,37.6,991.1,Foggy
2027-11-06,310,11,2.7,58.3,42.4,989.0,Cloudy
2027-11-07,311,11,7.9,59.9,37.3,984.3,Sunny
2027-11-08,312,11,-3.8,82.7,4.1,997.6,Sunny
2027-11-09,313,11,6.7,68.5,24.9,983.4,Rainy
2027-11-10,314,11,9.8,35.1,25.6,955.0,Cloudy
2027-11-11,315,11,7.6,24.1,23.1,1027.0,Rainy
2027-11-12,316,11,-3.8,66.6,29.8,1011.8,Foggy
2027-11-13,317,11,21.1,55.4,27.2,966.1,Foggy
2027-11-14,318,11,21.6,24.0,22.3,952.3,Snowy
2027-11-15,319,11,-9.6,80.5,0.6,970.8,Foggy
2027-11-16,320,11,13.3,91.7,1.8,1034.7,Foggy
2027-11-17,321,11,16.6,95.1,18.2,996.5,Sunny
2027-11-18,322,11,-7.6,38.1,0.9,985.9,Rainy
2027-11-19,323,11,-7.0,90.3,23.3,979.2,Snowy
2027-11-20,324,11,-2.4,34.2,29.0,960.8,Sunny
2027-11-21,325,11,2.5,43.7,24.5,1046.3,Sunny
2027-11-22,326,11,13.5,47.9,41.3,1027.2,Cloudy
2027-11-23,327,11,9.5,60.9,46.4,1039.6,Foggy
2027-11-24,328,11,2.0,80.9,30.7,1001.6,Snowy
2027-11-25,329,11,11.0,73.7,17.8,1028.8,Snowy
2027-11-26,330,11,18.0,62.1,21.2,1015.4,Cloudy
2027-11-27,331,11,17.8,34.3,37.2,969.1,Sunny
2027-11-28,332,11,-4.1,95.0,21.2,962.0,Cloudy
2027-11-29,333,11,-2.1,28.8,44.9,990.5,Cloudy
2027-11-30,334,11,-2.9,37.3,26.2,956.0,Rainy
2027-12-01,335,12,11.8,79.9,18.7,1042.2,Sunny
2027-12-02,336,12,34.3,31.1,31.7,995.2,Sunny
2027-12-03,337,12,26.2,80.7,14.5,966.3,Cloudy
2027-12-04,338,12,-0.3,77.7,22.5,999.8,Sunny
2027-12-05,339,12,3.6,89.6,20.4,959.5,Cloudy
2027-12-06,340,12,3.2,27.5,32.9,1022.0,Sunny
2027-12-07,341,12,24.0,58.1,46.9,966.5,Sunny
2027-12-08,342,12,21.2,49.0,6.6,984.1,Cloudy
2027-12-09,343,12,-6.6,97.7,49.2,972.0,Foggy
2027-12-10,344,12,-3.7,89.7,2.8,1033.7,Sunny
2027-12-11,345,12,26.8,67.4,19.1,955.4,Cloudy
2027-12-12,346,12,14.3,86.7,28.2,1003.3,Rainy
2027-12-13,347,12,19.1,59.0,31.2,954.3,Cloudy
2027-12-14,348,12,21.6,28.2,35.9,1026.3,Rainy
2027-12-15,349,12,2.8,99.2,47.5,952.3,Snowy
2027-12-16,350,12,17.0,48.3,29.3,976.4,Cloudy
2027-12-17,351,12,23.7,96.1,33.8,1029.9,Snowy
2027-12-18,352,12,10.7,60.9,22.4,979.8,Snowy
2027-12-19,353,12,12.0,72.7,41.8,974.2,Snowy
2027-12-20,354,12,26.4,99.5,1.6,1034.5,Snowy
2027-12-21,355,12,28.1,76.3,33.1,985.4,Snowy
2027-12-22,356,12,19.5,90.7,5.2,1016.9,Sunny
2027-12-23,357,12,14.5,97.5,48.5,1035.8,Rainy
2027-12-24,358,12,-1.0,62.6,12.6,1039.8,Snowy
2027-12-25,359,12,29.6,42.6,49.0,1017.6,Sunny
2027-12-26,360,12,31.0,43.6,8.8,987.3,Cloudy
2027-12-27,361,12,-9.3,46.9,26.1,1006.0,Sunny
2027-12-28,362,12,25.6,98.1,47.4,963.7,Snowy
2027-12-29,363,12,33.6,28.2,7.5,950.4,Snowy
2027-12-30,364,12,-6.2,73.0,47.5,952.4,Snowy
